Country,Year,Bovine Meat,Mutton & Goat Meat,Pigmeat,Poultry Meat,GDP_per_capita,Urban_population,Production
Afghanistan,2010,4.74,5.04,,2.29,560.621505463146,23.737,328160.0
Afghanistan,2011,4.8,4.66,,1.92,606.694676337726,23.948,335664.0
Afghanistan,2012,4.4,5.03,,2.05,651.417134470046,24.16,330600.0
Afghanistan,2013,4.18,5.2,,2.11,637.087099117099,24.373,322110.0
Afghanistan,2014,4.99,5.06,0.03,2.11,625.054941813938,24.587,311019.7
Afghanistan,2015,3.81,4.77,0.02,1.96,565.569730408751,24.803,302781.28
Afghanistan,2016,3.28,4.8,0.01,2.0,522.082215583898,25.02,295536.47
Afghanistan,2017,2.92,4.45,0.02,1.79,525.469770891619,25.25,313220.84
Afghanistan,2018,2.67,4.32,0.03,1.46,491.337221382603,25.495,293127.78
Afghanistan,2019,2.76,3.45,0.04,1.81,496.6025042585,25.754,285593.3
Afghanistan,2020,3.2,4.03,0.06,1.64,510.787063366811,26.026,285806.53
Afghanistan,2021,2.28,3.78,0.02,1.51,356.496214115892,26.314,273436.34
Afghanistan,2022,1.99,3.62,0.01,0.87,357.261152798144,26.616,265837.3
Albania,2010,15.29,7.36,9.72,14.7,4149.14469936847,52.163,91440.0
Albania,2011,15.0,7.58,9.82,14.35,4465.70914328865,53.247,93340.0
Albania,2012,15.0,8.04,10.05,13.71,4222.3470988913,54.33,93900.0
Albania,2013,15.14,8.1,9.97,14.28,4420.23461988353,55.387,95734.0
Albania,2014,13.55,8.58,6.75,11.83,4602.23051443229,56.423,87641.83
Albania,2015,13.92,9.11,7.08,11.93,3981.72662261867,57.434,90448.7
Albania,2016,13.99,9.13,7.11,13.63,4168.37544462548,58.421,91007.25
Albania,2017,13.88,9.12,8.26,11.55,4614.0479692596,59.383,91382.73
Albania,2018,13.42,10.93,5.91,9.51,5365.48880180298,60.319,97522.85
Albania,2019,13.37,8.71,7.17,12.34,5460.4305086932,61.229,85109.68
Albania,2020,11.8,8.29,5.66,14.08,5370.77749956875,62.112,79484.26
Albania,2021,13.79,8.03,5.96,12.91,6413.28280828537,62.969,78662.12
Albania,2022,15.19,8.87,6.31,22.56,6846.42669381643,63.799,80832.76
Algeria,2010,4.92,7.44,0.0,7.31,4912.78585503672,67.54,656866.56
Algeria,2011,5.4,7.51,0.0,7.33,5916.31364364343,68.236,711631.7
Algeria,2012,6.18,7.6,0.0,7.47,6033.64884689543,68.915,738669.2
Algeria,2013,5.94,7.66,0.0,7.46,5979.60138960585,69.576,770953.44
Algeria,2014,6.24,7.79,0.0,7.81,6094.69392314956,70.221,834014.75
Algeria,2015,5.88,7.9,0.0,7.9,4685.05902729002,70.848,871961.5
Algeria,2016,5.67,7.99,0.0,7.3,4424.98529027556,71.459,921305.94
Algeria,2017,5.07,7.96,0.0,6.95,4554.66753957828,72.052,952127.5
Algeria,2018,5.03,7.87,0.01,6.81,4577.21029180491,72.629,950524.1
Algeria,2019,5.26,8.13,0.02,6.56,4468.45341883656,73.189,954752.06
Algeria,2020,4.01,8.13,0.02,5.93,3743.5419522929,73.733,1069950.9
Algeria,2021,3.66,8.18,0.01,6.17,4160.55926736925,74.261,968467.2
Algeria,2022,3.46,8.11,0.0,6.13,4961.55257664733,74.772,991695.0
Angola,2010,5.81,0.93,5.66,11.02,3597.34293216332,59.783,217026.66
Angola,2011,5.91,0.9,6.59,12.73,4615.91059831778,60.528,229545.0
Angola,2012,6.22,0.88,6.93,13.87,5086.02740086376,61.268,242975.0
Angola,2013,6.31,0.88,7.41,14.23,5057.74787833163,62.002,260595.0
Angola,2014,6.95,0.87,11.01,15.5,5005.9997412707,62.731,274424.0
Angola,2015,5.43,0.85,8.63,9.67,3213.90261080059,63.446,287163.1
Angola,2016,4.65,0.83,7.67,8.8,1807.95294072643,64.149,298273.6
Angola,2017,4.71,0.8,8.23,10.51,2437.25971190821,64.839,306922.1
Angola,2018,4.19,0.79,7.83,12.04,2538.59139143371,65.514,305352.47
Angola,2019,4.43,0.79,7.59,9.7,2189.85571407618,66.177,304290.8
Angola,2020,3.76,0.75,6.44,8.32,1449.92286669308,66.825,340933.94
Angola,2021,3.51,0.71,7.86,8.73,1925.87466082167,67.46,353102.5
Angola,2022,3.51,0.72,8.29,10.52,2929.69445467272,68.081,362006.97
Antigua and Barbuda,2010,7.6,1.61,8.24,82.67,15217.3950790922,26.238,408.0
Antigua and Barbuda,2011,10.96,1.97,8.48,62.25,14911.7275084471,25.703,367.0
Antigua and Barbuda,2012,7.33,1.17,11.27,74.59,15639.8078114787,25.526,315.4
Antigua and Barbuda,2013,10.82,1.63,8.71,62.78,15051.5113587425,25.35,298.1
Antigua and Barbuda,2014,11.37,1.93,7.9,61.17,15532.1062063584,25.175,256.7
Antigua and Barbuda,2015,11.21,1.92,7.83,65.9,16077.6340769406,25.0,272.82
Antigua and Barbuda,2016,10.3,1.98,8.87,46.34,16556.8551801588,24.846,264.08
Antigua and Barbuda,2017,10.96,1.71,8.7,68.78,16965.7288273816,24.713,263.7
Antigua and Barbuda,2018,10.74,1.42,7.73,66.61,18273.4270684912,24.599,170.22
Antigua and Barbuda,2019,9.7,1.86,6.43,65.23,18896.3721832248,24.506,150.3
Antigua and Barbuda,2020,7.57,1.05,6.48,66.01,15369.6082250401,24.433,157.4
Antigua and Barbuda,2021,10.6,1.81,9.2,66.39,17348.6006987182,24.38,147.6
Antigua and Barbuda,2022,12.42,1.39,10.54,68.33,20105.1989085164,24.346,211.82
Argentina,2010,51.39,1.85,7.96,33.97,10260.1313108254,90.849,4721922.5
Argentina,2011,49.25,1.53,8.66,37.68,12704.2831819684,90.99,4781299.0
Argentina,2012,51.31,1.48,8.68,38.59,12949.717486654,91.121,5017726.0
Argentina,2013,55.18,1.48,10.16,37.79,12963.675773326,91.249,5344253.0
Argentina,2014,51.42,1.57,10.51,38.98,12233.1444119186,91.377,5237481.5
Argentina,2015,52.28,1.55,11.42,44.49,13679.6264980954,91.503,5485180.5
Argentina,2016,49.66,1.31,12.61,44.06,12699.9623137756,91.627,5396171.5
Argentina,2017,51.63,1.27,13.67,44.54,14532.5009308511,91.749,5696940.0
Argentina,2018,52.14,1.27,14.96,44.2,11752.7998922979,91.87,5931324.5
Argentina,2019,48.01,1.34,14.72,45.16,9955.97478680428,91.991,6148717.5
Argentina,2020,51.43,1.39,14.41,46.37,8535.59938004389,92.111,6217329.0
Argentina,2021,44.76,1.14,16.06,48.36,10738.0179223384,92.229,6141944.5
Argentina,2022,45.95,0.99,16.95,48.19,13935.6811110049,92.347,6357685.0
Armenia,2010,19.58,2.78,6.65,14.03,3041.34450723339,63.44,69484.25
Armenia,2011,21.19,2.86,7.97,14.71,3349.55309771906,63.34,71681.48
Armenia,2012,19.91,2.91,8.62,14.1,3511.56399687426,63.24,73879.58
Armenia,2013,20.7,3.1,9.58,13.64,3680.16692158886,63.164,83379.9
Armenia,2014,22.65,3.04,10.86,13.99,3852.11800610384,63.112,93080.83
Armenia,2015,22.98,3.18,10.81,14.45,3512.39350276709,63.085,100447.44
Armenia,2016,24.76,2.73,9.41,11.48,3524.42476874707,63.082,106144.25
Armenia,2017,25.6,2.85,9.75,15.96,3869.05373867752,63.103,109038.31
Armenia,2018,26.01,3.02,10.64,15.74,4196.00562301769,63.149,108229.71
Armenia,2019,26.13,3.36,10.17,19.62,4597.22887399548,63.219,107329.25
Armenia,2020,25.93,3.79,9.17,16.24,4268.68093304583,63.313,107929.39
Armenia,2021,26.59,3.87,10.34,19.04,4685.17997128509,63.431,110631.22
Armenia,2022,25.76,3.88,11.36,18.45,6571.97445545099,63.573,103728.12
Australia,2010,38.81,10.26,22.37,46.72,52144.6654705468,85.182,4047952.0
Australia,2011,42.12,9.22,23.62,47.33,62605.600458306,85.3,4094575.0
Australia,2012,37.05,9.99,24.57,47.6,68072.8732340801,85.402,4199609.0
Australia,2013,35.97,9.97,24.25,47.95,68190.7010035651,85.502,4541943.5
Australia,2014,35.18,11.21,24.56,47.75,62544.0873773726,85.602,4878967.5
Australia,2015,33.19,11.81,26.12,48.2,56739.0265346593,85.701,4967488.0
Australia,2016,34.31,11.95,25.63,50.44,49888.0410842736,85.8,4697340.0
Australia,2017,28.26,10.11,25.47,50.62,53901.7145392154,85.904,4463378.5
Australia,2018,28.12,10.81,25.81,48.5,57196.4220783778,86.012,4769939.0
Australia,2019,25.96,9.41,28.37,48.91,54972.7017885437,86.124,4874201.5
Australia,2020,36.77,10.1,24.1,48.39,51791.540179984,86.241,4549716.0
Australia,2021,24.81,8.76,25.64,48.31,60607.7788605166,86.362,4419256.0
Australia,2022,25.99,9.72,26.6,49.09,64997.0136536475,86.488,4478638.0
Austria,2010,17.5,1.13,67.6,18.86,46611.1393420232,57.399,920059.0
Austria,2011,17.4,1.14,65.52,18.7,51116.8953522042,57.115,917991.0
Austria,2012,17.38,1.14,48.39,18.96,48250.4059142637,57.147,901451.0
Austria,2013,17.17,1.14,52.61,18.73,50305.3545774973,57.336,903523.0
Austria,2014,14.07,1.14,47.7,19.19,51314.9722616322,57.526,899987.0
Austria,2015,14.21,1.14,53.12,18.94,43915.228020857,57.715,909621.0
Austria,2016,15.97,1.14,49.37,18.23,45061.4993920192,57.905,904770.0
Austria,2017,15.51,1.12,49.12,18.25,47163.7425775142,58.094,892822.0
Austria,2018,16.84,1.14,48.56,18.66,51194.0749841299,58.297,875061.0
Austria,2019,16.22,1.17,47.08,15.7,49885.9947355204,58.515,871680.0
Austria,2020,15.03,1.05,45.52,15.97,48716.4098900349,58.748,871848.3
Austria,2021,14.19,0.96,43.55,16.51,53648.7190742245,58.995,874229.75
Austria,2022,14.48,1.0,42.82,19.14,52176.6649141178,59.256,847193.94
Azerbaijan,2010,12.45,7.61,0.34,8.61,5843.5337683582,53.406,251911.0
Azerbaijan,2011,12.66,7.54,0.3,9.54,7189.81869211976,53.637,262192.0
Azerbaijan,2012,12.27,7.55,0.23,10.41,7495.86527658099,53.883,276035.0
Azerbaijan,2013,12.48,7.65,0.21,10.25,7875.34536661549,54.145,286882.0
Azerbaijan,2014,11.51,6.92,0.34,11.25,7890.84028062087,54.422,291189.0
Azerbaijan,2015,12.57,7.04,1.2,11.61,5500.50364628486,54.714,298613.0
Azerbaijan,2016,12.1,7.61,0.77,11.57,3880.6852276838,55.021,302227.0
Azerbaijan,2017,12.52,7.6,0.61,12.83,4147.1981423222,55.343,316827.0
Azerbaijan,2018,12.65,7.62,0.6,13.6,4739.7943123408,55.68,326024.0
Azerbaijan,2019,12.41,8.16,0.66,14.27,4805.75371765917,56.031,335719.0
Azerbaijan,2020,13.22,8.21,0.68,14.23,4229.91064904503,56.397,346011.0
Azerbaijan,2021,14.83,8.5,0.82,15.19,5408.04535175023,56.776,357572.0
Azerbaijan,2022,15.03,8.6,0.81,16.06,7770.594223351,57.17,368233.0
Bahrain,2019,13.69,22.5,0.97,46.98,27259.7438599327,89.394,39772.19
Bahrain,2020,14.32,21.73,0.98,50.97,24342.8444554718,89.506,37881.94
Bahrain,2021,14.33,21.94,0.72,38.61,27147.8083882286,89.622,35700.35
Bahrain,2022,15.49,23.39,0.88,46.73,30470.5219276023,89.743,36911.18
Bangladesh,2010,1.31,1.27,0.0,1.32,757.385280361508,30.462,582435.25
Bangladesh,2011,1.2,1.3,0.0,1.36,837.336944695647,31.225,603514.94
Bangladesh,2012,1.19,1.33,0.0,1.41,859.680536375497,31.993,626168.3
Bangladesh,2013,1.24,1.36,0.0,1.46,958.262989798283,32.762,632121.75
Bangladesh,2014,1.33,1.4,0.0,1.51,1094.46199702838,33.535,649590.4
Bangladesh,2015,1.38,1.43,0.0,1.56,1224.38647668165,34.308,655052.06
Bangladesh,2016,1.32,1.47,0.0,1.62,1649.28380858601,35.083,668709.7
Bangladesh,2017,1.21,1.41,0.0,1.59,1811.08221668646,35.858,681801.5
Bangladesh,2018,1.21,1.39,0.0,1.58,1965.24372731467,36.632,695805.2
Bangladesh,2019,1.22,1.41,0.0,1.57,2129.79896954606,37.405,706684.6
Bangladesh,2020,1.25,1.38,0.0,1.61,2248.85078828233,38.177,722008.9
Bangladesh,2021,1.28,1.32,0.0,1.63,2482.84917843357,38.946,735664.75
Bangladesh,2022,1.26,1.32,0.01,1.66,2716.48592780431,39.711,749221.75
Barbados,2010,16.84,6.01,8.89,41.83,18860.3833703309,31.87,17409.0
Barbados,2011,16.82,3.58,8.09,43.23,19345.9953139542,31.7,17598.0
Barbados,2012,15.37,4.18,8.13,43.42,19034.0708028512,31.553,17203.8
Barbados,2013,17.48,3.94,8.5,41.32,19308.0091116993,31.429,16471.07
Barbados,2014,15.65,4.37,8.29,45.14,19277.9423599235,31.328,17561.17
Barbados,2015,18.58,4.05,9.14,48.59,18954.2913724506,31.249,19474.64
Barbados,2016,17.46,3.81,9.42,46.01,19065.8069800213,31.193,18138.08
Barbados,2017,16.26,4.32,8.64,47.16,19692.7606711615,31.159,18738.72
Barbados,2018,16.56,4.1,9.09,49.72,20055.915870771,31.147,19729.88
Barbados,2019,14.43,3.64,9.75,50.12,20583.7265786414,31.158,19554.23
Barbados,2020,13.95,3.99,15.42,52.28,18347.1109131055,31.191,15285.63
Barbados,2021,13.28,3.9,14.45,55.27,18696.7858952957,31.246,16370.66
Barbados,2022,14.81,4.04,13.6,56.37,22164.0260273876,31.324,18619.79
Belarus,2010,18.17,0.1,38.7,26.42,6034.67885177216,74.672,971400.0
Belarus,2011,19.8,0.1,40.02,27.24,6527.6593428786,75.188,1020100.0
Belarus,2012,18.7,0.1,39.87,27.74,6953.21591683101,75.697,1092100.0
Belarus,2013,16.32,0.1,40.19,27.66,7998.0802045456,76.199,1172200.0
Belarus,2014,13.45,0.1,31.42,27.95,8341.31809294883,76.693,1073200.0
Belarus,2015,13.44,0.1,33.03,27.25,5967.05595058777,77.181,1148400.0
Belarus,2016,15.77,0.1,33.44,26.91,5039.77560949445,77.661,1173019.1
Belarus,2017,16.5,0.1,32.21,27.28,5785.54491935194,78.134,1208588.8
Belarus,2018,16.12,0.1,34.38,28.23,6360.037502312,78.595,1226441.0
Belarus,2019,19.24,0.11,37.37,27.1,6837.77339645635,79.044,1240131.0
Belarus,2020,18.66,0.11,38.45,33.23,6542.85579976768,79.483,1281202.0
Belarus,2021,18.23,0.11,38.2,32.55,7489.71894713888,79.91,1249713.1
Belarus,2022,22.63,0.09,36.42,35.13,7994.64806074889,80.326,1220282.4
Belgium,2010,18.3,1.42,36.26,11.99,44197.393671162,97.651,1816000.0
Belgium,2011,16.23,1.49,35.26,12.79,47760.8298776546,97.698,1789081.0
Belgium,2012,15.86,1.23,40.5,12.75,44874.1709182123,97.744,1788258.8
Belgium,2013,15.63,1.32,38.65,12.26,46964.5946777056,97.789,1774712.4
Belgium,2014,12.68,1.35,31.25,12.53,47995.7786961339,97.833,1814780.9
Belgium,2015,12.3,1.31,28.52,11.52,40893.804537772,97.876,1850880.1
Belgium,2016,11.85,1.12,41.41,12.63,41854.5498296444,97.919,1805539.4
Belgium,2017,11.68,1.06,28.67,11.37,44035.3239358548,97.961,1794958.0
Belgium,2018,12.08,1.15,31.24,11.66,47487.2100392561,98.001,1825048.0
Belgium,2019,14.5,1.16,31.69,12.75,46716.6227467964,98.041,1755597.9
Belgium,2020,14.02,1.28,32.88,15.48,45906.2875805246,98.079,1808719.1
Belgium,2021,13.23,0.88,35.53,14.01,51658.238294958,98.117,1848010.4
Belgium,2022,12.93,0.92,32.3,16.25,50822.2518538518,98.153,1723350.0
Belize,2010,4.48,0.11,12.69,28.04,5451.13897172477,45.228,16600.32
Belize,2011,4.8,0.11,12.71,28.0,5582.22170621269,45.228,16837.34
Belize,2012,4.51,0.11,14.82,27.47,5709.68918765363,45.246,17483.28
Belize,2013,4.56,0.11,13.05,27.82,5950.20299917747,45.282,19497.3
Belize,2014,4.34,0.08,17.6,29.79,6128.14288539305,45.335,20687.71
Belize,2015,4.28,0.13,18.14,31.04,6154.49593498217,45.406,21854.16
Belize,2016,4.19,0.13,19.89,30.89,6142.49873185177,45.495,22311.34
Belize,2017,3.74,0.11,15.35,31.49,6072.58267640581,45.601,23284.87
Belize,2018,4.35,0.13,14.87,30.71,6031.28139580144,45.724,23885.3
Belize,2019,4.16,0.08,13.92,31.39,6190.04792278445,45.866,24501.82
Belize,2020,3.84,0.07,13.95,32.19,5227.19363786168,46.025,22193.74
Belize,2021,4.23,0.12,14.95,33.41,6122.61158580079,46.201,23355.65
Belize,2022,4.97,0.12,16.34,30.33,7068.45478269722,46.396,25059.68
Benin,2010,3.64,0.87,0.67,17.0,973.244254931526,43.093,64932.95
Benin,2011,3.71,0.79,0.81,16.94,1059.41358852588,43.608,68143.0
Benin,2012,3.47,0.77,0.88,18.6,1071.5258366283,44.125,69685.15
Benin,2013,3.15,0.82,0.74,18.18,1168.92699279226,44.642,71296.41
Benin,2014,3.2,0.95,0.84,19.43,1204.39918670094,45.166,73129.26
Benin,2015,3.26,0.89,0.79,19.56,1002.41886879614,45.695,75146.61
Benin,2016,3.25,0.82,0.73,15.07,1010.5338961993,46.229,76603.47
Benin,2017,3.27,0.81,0.71,10.67,1054.97408066814,46.768,78664.2
Benin,2018,3.26,0.81,0.68,9.58,1151.7409703472,47.312,80122.13
Benin,2019,3.51,0.77,0.7,9.81,1130.82135339795,47.861,89731.13
Benin,2020,3.34,1.21,0.85,8.34,1200.19426631122,48.415,84741.03
Benin,2021,2.59,2.6,0.95,9.69,1318.65158107487,48.972,95835.16
Benin,2022,2.75,2.69,1.01,10.69,1266.42710981159,49.534,104868.53
Bhutan,2019,9.16,0.3,2.46,3.32,3576.87987100503,41.612,3420.56
Bhutan,2020,3.29,0.61,1.94,4.18,3191.66906999331,42.316,3996.93
Bhutan,2021,5.94,0.24,3.54,5.36,3570.61257980872,43.008,3926.46
Bhutan,2022,7.3,0.25,3.33,4.81,3711.32767981591,43.686,4369.44
Bosnia and Herzegovina,2010,9.41,0.6,7.15,11.83,4506.47828548389,45.558,76250.0
Bosnia and Herzegovina,2011,10.02,0.7,8.3,14.41,4982.69375768263,45.878,87070.0
Bosnia and Herzegovina,2012,9.44,0.67,8.94,16.9,4693.78899115381,46.199,94264.0
Bosnia and Herzegovina,2013,9.77,0.49,8.83,13.94,5034.56616016469,46.519,72445.0
Bosnia and Herzegovina,2014,10.9,0.46,8.6,14.19,5206.06558252,46.84,66042.0
Bosnia and Herzegovina,2015,14.25,0.4,9.4,16.05,4662.25883724069,47.173,81510.0
Bosnia and Herzegovina,2016,13.39,0.4,9.35,17.73,4928.5665251728,47.518,83244.1
Bosnia and Herzegovina,2017,12.16,0.4,10.38,18.26,5345.01985489192,47.876,86649.35
Bosnia and Herzegovina,2018,12.14,0.46,11.13,19.32,6047.84584261133,48.245,82400.0
Bosnia and Herzegovina,2019,13.97,0.44,11.03,20.54,6122.3753450882,48.626,88187.0
Bosnia and Herzegovina,2020,12.81,0.29,10.52,19.78,6130.31133245161,49.02,89033.0
Bosnia and Herzegovina,2021,14.21,0.42,12.09,19.72,7295.3438240957,49.425,85974.0
Bosnia and Herzegovina,2022,13.27,0.37,13.06,21.82,7655.59421024383,49.841,87089.0
Botswana,2010,4.19,3.64,0.52,5.02,6215.73216077919,62.412,83210.87
Botswana,2011,17.08,3.61,0.57,4.75,7287.38295334919,63.865,85694.68
Botswana,2012,12.17,3.57,0.59,4.83,6595.53845015424,64.768,87105.01
Botswana,2013,3.27,3.1,0.65,5.78,6666.91219583487,65.572,85565.18
Botswana,2014,3.21,2.97,0.67,4.44,7122.36423421503,66.368,88693.59
Botswana,2015,4.98,2.47,0.76,2.84,6141.20394726616,67.155,91469.12
Botswana,2016,3.79,2.5,0.92,3.1,6749.05994339013,67.933,90223.91
Botswana,2017,3.64,2.58,0.76,3.12,7104.96401088027,68.7,88088.84
Botswana,2018,3.12,2.49,0.74,3.59,7407.95940141786,69.446,93883.58
Botswana,2019,5.56,2.24,0.54,3.41,7172.08956480028,70.172,97328.28
Botswana,2020,8.22,2.26,0.46,3.26,6323.29749806946,70.877,102058.67
Botswana,2021,12.39,1.98,0.43,2.84,7807.88794500125,71.56,101121.19
Botswana,2022,13.08,1.77,0.33,2.56,8328.70905682185,72.224,112836.98
Brazil,2010,38.45,0.6,12.26,37.54,11403.2821278747,84.335,23482100.0
Brazil,2011,38.82,0.6,12.49,40.36,13396.6243562986,84.631,24128408.0
Brazil,2012,39.06,0.61,11.67,40.59,12521.7213519966,84.923,24580836.0
Brazil,2013,38.99,0.61,11.71,42.58,12458.8912138813,85.209,25268198.0
Brazil,2014,38.73,0.61,11.94,44.52,12274.9939689363,85.492,25894672.0
Brazil,2015,37.78,0.6,12.82,46.16,8936.19661712113,85.77,26484598.0
Brazil,2016,36.84,0.6,13.0,45.82,8836.28652735657,86.042,26749886.0
Brazil,2017,36.93,0.6,13.61,47.49,10080.5092819305,86.309,27526518.0
Brazil,2018,37.34,0.6,14.37,47.63,9300.66164923219,86.569,27701328.0
Brazil,2019,37.06,0.64,14.3,46.99,9029.83326681073,86.824,28177430.0
Brazil,2020,34.76,0.67,14.14,48.37,7074.19378337644,87.073,28572008.0
Brazil,2021,34.63,0.67,15.04,47.25,7972.5366498646,87.317,29302478.0
Brazil,2022,34.59,0.64,16.16,47.05,9281.33334441234,87.555,30396742.0
Bulgaria,2010,4.71,1.8,25.7,21.54,6853.94805511171,72.302,221002.98
Bulgaria,2011,4.3,1.85,27.4,21.02,7849.58061302818,72.638,219317.06
Bulgaria,2012,3.77,1.8,25.09,21.21,7431.95789508871,72.975,222628.45
Bulgaria,2013,3.69,1.6,25.33,20.84,7795.98092108928,73.313,207734.3
Bulgaria,2014,3.89,1.86,26.93,21.15,8069.60005667684,73.651,205219.34
Bulgaria,2015,3.81,1.52,27.31,21.38,7268.65445473873,73.99,209768.8
Bulgaria,2016,3.88,1.65,27.85,21.88,7822.49923292968,74.329,216523.3
Bulgaria,2017,3.64,1.36,28.8,21.8,8696.68930427924,74.669,214718.67
Bulgaria,2018,3.27,1.49,31.55,22.44,9872.38507789106,75.008,222014.05
Bulgaria,2019,3.96,1.37,31.37,22.81,10372.8044341114,75.347,221833.84
Burkina Faso,2010,7.66,3.21,2.42,2.32,624.957252224766,24.633,648263.56
Burkina Faso,2011,7.58,3.21,2.4,2.31,725.024767725475,25.196,664234.75
Burkina Faso,2012,7.51,3.2,2.34,2.29,731.470138867833,25.767,632397.0
Burkina Faso,2013,6.56,3.2,2.32,2.17,759.762065168498,26.346,656721.0
Burkina Faso,2014,6.36,3.23,2.26,2.17,764.861675106225,26.934,637289.0
Burkina Faso,2015,5.88,2.99,2.19,2.76,630.124750752312,27.53,644902.2
Burkina Faso,2016,5.72,2.19,2.08,2.39,663.742364842886,28.134,629732.25
Burkina Faso,2017,5.3,2.08,2.04,2.1,709.091535894695,28.743,643054.6
Burkina Faso,2018,5.32,2.26,2.0,2.09,777.465618514048,29.358,657022.44
Burkina Faso,2019,6.25,4.11,15.32,9.75,764.853077774946,29.98,715906.06
Burkina Faso,2020,5.16,3.47,14.78,9.21,825.237038782475,30.607,540157.2
Burkina Faso,2021,5.72,2.27,10.13,6.75,895.535288442991,31.24,511057.94
Burkina Faso,2022,5.72,2.23,9.89,6.66,836.118304593682,31.877,520633.94
Burundi,2010,0.86,0.51,0.41,0.75,216.727705301976,10.642,22422.33
Burundi,2011,1.06,0.33,0.4,0.73,230.070577369084,10.915,25982.68
Burundi,2012,1.24,0.61,0.52,0.39,231.688496393569,11.194,31508.15
Burundi,2013,0.9,0.4,0.53,0.36,234.843045388828,11.482,24165.17
Burundi,2014,1.09,0.46,0.49,0.5,250.540481111877,11.776,31208.77
Burundi,2015,1.05,0.45,0.48,0.49,280.966831311923,12.078,32058.38
Burundi,2016,1.05,0.44,0.48,0.49,235.286205393908,12.388,33838.9
Burundi,2017,1.02,0.43,0.47,0.48,236.694472592753,12.706,41406.48
Burundi,2018,0.93,0.39,0.44,0.44,224.89939239264,13.032,43411.81
Burundi,2019,1.34,0.89,0.82,0.55,210.236494521532,13.366,46833.95
Burundi,2020,1.12,0.75,0.83,0.63,210.008139902508,13.708,38749.85
Burundi,2021,1.21,0.81,0.84,0.66,214.091455416133,14.058,41704.09
Burundi,2022,1.31,0.79,0.87,0.66,250.634225368744,14.417,48772.14
Cambodia,2010,5.05,0.0,7.29,1.97,952.274616324008,20.294,205872.0
Cambodia,2011,4.99,0.0,7.53,1.9,1088.98152823081,20.663,210800.0
Cambodia,2012,4.66,0.0,6.65,1.73,1192.80263041673,21.037,199850.0
Cambodia,2013,3.95,0.0,6.84,1.73,1305.6600972686,21.415,199431.92
Cambodia,2014,3.99,0.0,7.39,1.66,1431.56396469993,21.799,204139.2
Cambodia,2015,3.85,0.01,7.22,1.6,1547.32010444393,22.188,201607.9
Cambodia,2016,3.82,0.01,7.21,1.68,1675.19555711109,22.582,202136.9
Cambodia,2017,4.06,0.01,7.13,2.21,1826.35391688754,22.98,204583.44
Cambodia,2018,4.4,0.01,6.93,2.51,2036.67377566578,23.388,203619.4
Cambodia,2019,3.63,0.01,5.76,1.75,2225.87705485686,23.805,205591.08
Cambodia,2020,3.61,0.0,6.54,1.83,2081.73914242939,24.232,196880.77
Cambodia,2021,4.25,0.01,6.26,1.78,2167.40324198499,24.668,193013.95
Cambodia,2022,4.39,0.01,6.18,1.83,2325.03050040841,25.114,190298.1
Cameroon,2010,4.16,1.84,1.99,3.43,1398.58702025047,51.559,295263.8
Cameroon,2011,4.25,1.63,1.65,3.44,1513.96056994878,52.164,305996.38
Cameroon,2012,4.21,1.43,1.49,3.36,1449.09874362279,52.769,287981.4
Cameroon,2013,4.31,1.62,1.5,3.38,1575.92882118897,53.373,307748.62
Cameroon,2014,4.34,1.56,1.6,3.44,1649.4433905949,53.976,338788.4
Cameroon,2015,4.42,1.45,1.62,3.53,1415.00009710569,54.578,373236.3
Cameroon,2016,3.88,1.47,1.47,3.58,1441.7201725688,55.179,422640.62
Cameroon,2017,3.46,1.44,1.39,3.21,1496.08951771242,55.777,425214.94
Cameroon,2018,3.31,1.36,1.36,3.24,1610.69641591017,56.374,425765.56
Cameroon,2019,3.22,1.32,1.35,3.36,1555.22660476477,56.968,374030.0
Cameroon,2020,4.18,1.61,1.68,0.68,1555.60370660749,57.56,315808.78
Cameroon,2021,4.36,1.59,1.74,3.86,1672.32657340872,58.148,386394.44
Cameroon,2022,4.34,1.54,1.81,4.45,1604.87726954895,58.733,418484.9
Canada,2010,29.37,0.95,24.62,36.61,47560.6666009406,80.937,4440630.0
Canada,2011,28.86,0.96,24.68,36.74,52223.8588398531,81.096,4353612.0
Canada,2012,29.87,0.97,24.35,36.89,52670.3447335415,81.137,4310854.0
Canada,2013,29.49,0.97,22.82,36.77,52638.1187235237,81.178,4309031.5
Canada,2014,31.11,0.98,22.97,37.39,50960.8431174661,81.218,4350312.5
Canada,2015,28.99,0.98,25.1,38.22,43594.1941045394,81.259,4441226.5
Canada,2016,27.17,0.99,23.26,38.87,42314.0615817218,81.3,4605732.5
Canada,2017,26.94,1.0,24.19,39.16,45129.628116623,81.35,4789237.0
Canada,2018,27.93,0.99,23.54,40.52,46539.1761570405,81.411,4909555.0
Canada,2019,26.43,1.06,24.7,40.78,46352.8693445211,81.482,5061964.5
Canada,2020,28.04,1.05,21.3,40.6,43537.839298904,81.562,5143754.0
Canada,2021,25.0,1.07,22.41,39.89,52886.6616372703,81.653,5204347.5
Canada,2022,25.54,1.23,22.41,41.17,56256.8007264015,81.752,5241547.5
Central African Republic,2010,18.25,4.34,4.03,1.26,476.873786950728,38.904,157694.7
Central African Republic,2011,18.6,4.98,3.85,1.29,534.057281471636,39.135,167394.62
Central African Republic,2012,18.85,4.94,3.44,1.45,544.395849142785,39.388,168340.77
Central African Republic,2013,19.14,4.94,3.55,1.4,364.36696260838,39.663,171791.78
Central African Republic,2014,19.27,4.94,3.89,1.72,409.8504859647,39.959,174164.7
Central African Republic,2015,19.37,4.98,3.76,1.81,366.322853938121,40.277,173848.39
Central African Republic,2016,19.17,4.94,3.61,1.82,387.176203444318,40.618,174701.12
Central African Republic,2017,19.71,4.99,3.75,2.17,432.324025684263,40.98,179894.9
Central African Republic,2018,19.08,4.68,4.08,2.37,455.243962859534,41.364,181041.7
Central African Republic,2019,19.35,5.01,3.72,3.09,449.228467602439,41.77,182964.36
Central African Republic,2020,18.9,4.84,3.61,8.32,462.879071294011,42.198,186144.34
Central African Republic,2021,18.83,4.78,3.57,2.64,492.263142830507,42.648,186385.5
Central African Republic,2022,18.76,4.76,3.53,2.33,467.359825026238,43.12,188230.77
Chad,2010,22.69,12.52,0.06,0.46,1141.80069268412,21.985,477540.62
Chad,2011,23.07,12.95,0.06,0.45,1308.1421872538,22.054,505672.62
Chad,2012,23.46,13.4,0.06,0.44,1354.34344701937,22.142,535413.94
Chad,2013,23.85,13.86,0.05,0.43,1304.88742971475,22.248,566836.2
Chad,2014,25.19,14.24,0.15,0.47,1278.78981422494,22.372,600498.94
Chad,2015,26.1,14.78,0.15,0.47,993.990730610869,22.515,633775.56
Chad,2016,25.71,14.73,0.16,0.44,861.831767630746,22.677,664724.7
Chad,2017,26.53,16.77,0.14,0.41,854.46120040098,22.858,706668.5
Chad,2018,27.26,16.47,0.13,0.4,948.656629871231,23.059,741866.8
Chad,2019,26.92,17.12,0.15,0.47,893.336441643325,23.279,779363.25
Chad,2020,27.41,17.65,0.15,0.47,866.947814890409,23.52,821933.25
Chad,2021,27.38,18.32,0.14,0.46,946.358500208374,23.781,860085.9
Chad,2022,28.45,19.03,0.14,0.48,966.036468278568,24.063,920798.8
Chile,2010,22.86,0.55,22.28,33.1,12632.8704724192,87.074,1326708.0
Chile,2011,21.98,0.6,22.12,36.19,14487.3927832032,87.132,1395039.2
Chile,2012,22.73,0.52,21.87,35.73,15241.9069981119,87.189,1474759.0
Chile,2013,26.08,0.5,22.99,36.19,15683.5486369155,87.246,1454051.2
Chile,2014,24.18,0.54,22.75,36.08,14529.6767206336,87.303,1431259.8
Chile,2015,25.83,0.5,22.17,38.16,13433.9202987032,87.36,1482547.6
Chile,2016,27.88,0.47,23.5,40.71,13649.8520452803,87.422,1498623.2
Chile,2017,26.06,0.49,24.32,40.07,14879.9086227187,87.49,1418216.8
Chile,2018,26.84,0.53,24.27,39.57,15659.4808675628,87.564,1504889.4
Chile,2019,28.78,0.4,23.05,38.53,14495.716721687,87.643,1534791.8
Chile,2020,28.6,0.4,21.6,36.19,13114.815470545,87.727,1588768.0
Chile,2021,33.33,0.4,24.13,38.08,16206.8325493421,87.817,1575701.2
Chile,2022,27.33,0.42,25.02,38.51,15405.6165774073,87.912,1559868.1
China,2010,4.77,2.68,37.77,12.77,4629.24551710077,49.226,79209140.0
China,2011,4.59,2.8,36.28,13.1,5703.76027973346,50.511,79429740.0
China,2012,4.67,2.96,36.71,13.3,6405.0574241349,51.765,83507240.0
China,2013,4.83,3.12,37.22,13.49,7147.03518622344,53.013,84820250.0
China,2014,4.87,3.2,39.08,12.86,7781.06597484974,54.259,86353640.0
China,2015,5.01,3.2,39.64,12.55,8175.33285077393,55.5,86970740.0
China,2016,5.11,3.31,39.99,13.33,8254.86859320357,56.736,85379290.0
China,2017,5.31,3.38,39.61,13.25,8979.67652709856,57.96,85781210.0
China,2018,5.72,3.44,38.37,14.53,10085.6638148819,59.152,86423330.0
China,2019,6.43,3.54,37.13,15.46,10342.9009524335,60.308,77780490.0
China,2020,7.36,3.63,30.36,17.59,10627.4637989619,61.428,77708940.0
China,2021,7.68,3.8,36.55,17.59,12887.4357242941,62.512,90131530.0
China,2022,8.13,3.79,40.2,17.69,12970.6056414327,63.56,93428560.0
Colombia,2010,16.75,0.24,4.65,24.65,6398.2958447102,77.964,2038561.0
Colombia,2011,17.68,0.24,5.29,24.6,7400.9940695669,78.335,2122113.8
Colombia,2012,18.13,0.17,8.08,25.31,8108.59838244229,78.701,2306902.5
Colombia,2013,17.29,0.16,6.7,28.66,8279.10255642981,79.061,2384530.2
Colombia,2014,17.38,0.2,7.26,30.18,8187.20824890084,79.415,2469403.0
Colombia,2015,17.52,0.18,7.94,31.35,6248.51490534512,79.764,2595050.0
Colombia,2016,16.23,0.17,8.83,32.72,5959.84250367574,80.108,2638060.8
Colombia,2017,15.13,0.2,9.48,33.9,6479.53231292429,80.446,2691151.2
Colombia,2018,15.08,0.21,10.54,34.86,6816.96818309544,80.778,2799576.2
Colombia,2019,14.75,0.05,11.41,36.02,6472.54544924705,81.104,2900882.5
Colombia,2020,13.67,0.02,10.55,33.74,5339.68711357943,81.425,2820538.0
Colombia,2021,13.32,0.02,12.14,34.84,6222.62164397614,81.74,2931771.8
Colombia,2022,12.66,0.02,13.43,36.65,6680.44506854481,82.05,3064807.0
Comoros,2010,5.63,0.8,0.0,14.35,1386.57533553376,27.973,2284.5
Comoros,2011,4.73,0.74,0.03,14.62,1531.43969320468,28.04,2297.5
Comoros,2012,4.73,0.68,0.06,14.77,1490.31425650871,28.123,2321.0
Comoros,2013,4.9,0.7,0.05,16.12,1603.32653496691,28.223,2322.5
Comoros,2014,6.3,0.79,0.09,16.9,1615.71718460209,28.338,2275.47
Comoros,2015,5.44,0.71,0.04,16.39,1329.3704808998,28.47,2262.87
Comoros,2016,6.16,0.67,0.04,17.47,1365.48403353158,28.619,2254.82
Comoros,2017,5.6,0.64,0.14,17.64,1423.92480215551,28.784,2271.16
Comoros,2018,5.26,0.67,0.12,15.49,1540.71132331975,28.965,2282.02
Comoros,2019,3.29,0.63,0.03,1.32,1519.26386326167,29.164,2285.48
Comoros,2020,3.89,0.64,0.13,19.47,1527.16990927956,29.38,2283.12
Comoros,2021,3.74,0.58,0.22,24.74,1587.72988601478,29.613,2277.97
Comoros,2022,5.61,0.6,0.06,23.05,1533.87755332151,29.864,2280.62
Costa Rica,2010,17.69,0.02,9.77,23.34,8265.78820275899,71.736,259970.92
Costa Rica,2011,17.5,0.02,10.08,22.25,9276.39107510528,72.868,258345.97
Costa Rica,2012,15.7,0.02,10.28,23.13,10126.999102414,73.946,255111.0
Costa Rica,2013,15.23,0.02,10.28,23.44,10803.2401961972,74.97,258868.0
Costa Rica,2014,13.11,0.02,9.4,24.11,10911.4978783227,75.941,267223.16
Costa Rica,2015,12.7,0.01,10.08,24.98,11714.7105980803,76.862,264381.53
Costa Rica,2016,11.98,0.02,11.08,25.89,12091.0301606335,77.735,261904.4
Costa Rica,2017,12.08,0.01,12.23,26.27,12317.0902771322,78.56,272094.25
Costa Rica,2018,12.73,0.02,12.3,26.73,12590.2493781628,79.34,280344.2
Costa Rica,2019,12.42,0.01,12.96,38.18,12884.6859951947,80.076,298919.22
Costa Rica,2020,12.84,0.01,13.81,32.19,12394.0493969354,80.771,295131.1
Costa Rica,2021,13.25,0.05,14.8,30.93,12838.1185359009,81.425,307799.7
Costa Rica,2022,13.22,0.06,14.74,32.27,13625.9008491478,82.042,310485.62
Croatia,2010,9.24,0.9,41.39,8.09,13731.2865213989,55.155,216210.1
Croatia,2011,9.09,0.81,42.01,7.3,14694.9993201417,55.322,217435.98
Croatia,2012,12.62,1.6,44.18,8.96,13508.6836989693,55.506,245468.8
Croatia,2013,12.44,1.7,42.22,8.48,14136.3967669505,55.706,220024.69
Croatia,2014,11.44,1.37,43.88,9.01,14187.9694531493,55.923,206542.69
Croatia,2015,11.73,1.38,46.33,9.24,12285.3032582105,56.155,205764.58
Croatia,2016,12.11,1.45,46.08,9.47,12821.1738140304,56.403,213615.12
Croatia,2017,12.69,1.44,49.38,10.75,13902.6310485422,56.667,217905.81
Cuba,2010,6.75,1.15,18.6,15.91,5272.26755824835,76.597,282290.0
Cuba,2011,6.22,1.19,18.15,16.86,6104.46105236166,76.689,292554.0
Cuba,2012,6.25,1.16,17.86,18.17,6470.83673392653,76.781,283258.0
Cuba,2013,6.42,1.17,17.96,19.71,6828.36428245396,76.827,306624.0
Cuba,2014,6.39,1.29,17.96,17.4,7146.70459051328,76.861,315130.0
Cuba,2015,6.67,1.22,18.22,18.85,7727.91997207998,76.896,325753.0
Cuba,2016,6.73,1.11,18.96,24.09,8110.55873961397,76.93,350911.0
Cuba,2017,6.81,1.18,18.92,28.51,8610.60829531998,76.977,360826.0
Cuba,2018,6.89,1.17,19.31,28.46,8911.46205964193,77.037,364608.16
Cuba,2019,8.12,1.05,22.55,28.84,9232.26115935183,77.109,349006.25
Cuba,2020,7.63,1.56,21.83,38.57,9605.26125067263,77.194,240354.4
Cuba,2021,7.9,2.18,17.25,32.45,,77.292,257217.0
Cuba,2022,8.09,1.68,18.81,29.8,,77.401,315534.97
Cyprus,2010,6.76,5.02,40.47,28.1,31105.02734375,67.551,95847.0
Cyprus,2011,6.89,4.99,40.8,26.22,32485.796875,67.406,93812.0
Cyprus,2012,6.74,4.91,41.41,24.55,28991.935546875,67.261,89697.0
Cyprus,2013,6.38,4.82,39.84,23.98,27797.45703125,67.137,82059.0
Cyprus,2014,6.63,5.12,37.48,24.29,27244.3515625,67.031,75414.0
Cyprus,2015,6.42,4.72,36.71,24.13,23487.228515625,66.946,79466.79
Cyprus,2016,7.03,4.59,37.11,24.25,24715.154296875,66.881,79210.74
Cyprus,2017,7.41,4.71,38.4,24.69,26696.990234375,66.836,79875.33
Cyprus,2018,7.79,4.83,37.91,24.79,29599.986328125,66.81,78640.0
Cyprus,2019,7.89,4.97,39.25,30.33,29703.052734375,66.805,81760.0
Cyprus,2020,6.63,4.09,37.19,26.18,28649.015625,66.821,78880.0
Cyprus,2021,7.03,3.96,37.6,28.27,33734.03515625,66.856,82065.88
Cyprus,2022,8.2,4.14,34.4,29.09,33894.44921875,66.911,79117.09
Czechia,2010,9.75,0.25,46.35,22.81,20160.4355077059,73.255,602891.1
Czechia,2011,9.24,0.25,45.72,21.94,22049.1080788682,73.185,564441.0
Czechia,2012,8.26,0.32,42.89,20.52,20014.0354015165,73.197,515733.0
Czechia,2013,8.34,0.35,41.91,19.29,20260.4954999375,73.29,503960.97
Czechia,2014,8.31,0.31,41.63,20.67,20038.4163180257,73.384,508850.22
Czechia,2015,8.64,0.32,44.45,21.11,17931.5987670768,73.477,504921.9
Czechia,2016,9.6,0.32,43.93,21.4,18753.9686718096,73.57,506240.16
Czechia,2017,9.88,0.32,44.47,22.25,20913.197632212,73.675,495120.0
Czechia,2018,10.27,0.33,47.04,22.62,23705.9329811299,73.792,473607.2
Czechia,2019,10.99,0.34,45.72,23.27,24062.7190013343,73.921,478600.62
Denmark,2010,28.77,0.87,22.78,22.76,58104.5445594981,86.795,1993436.9
Denmark,2011,29.27,0.88,18.25,23.24,61809.737898222,86.957,2048917.9
Denmark,2012,27.31,0.88,25.21,22.06,58443.7747103968,87.142,1989131.1
Denmark,2013,28.55,0.88,24.85,22.37,61377.5940590412,87.292,1891283.2
Denmark,2014,26.16,0.88,18.57,23.78,62520.4509747011,87.41,1884947.9
Denmark,2015,26.22,0.89,20.77,18.39,53094.0133607574,87.526,1871928.9
Denmark,2016,26.08,0.89,23.71,26.15,54500.9260410217,87.642,1868369.5
Denmark,2017,23.74,0.9,25.78,25.34,57521.5514992225,87.757,1813655.8
Denmark,2018,23.78,0.83,26.59,26.83,61324.7665045565,87.874,1862831.0
Denmark,2019,24.69,0.73,23.05,25.09,59404.2663247723,87.994,1786224.0
Denmark,2020,24.75,0.67,21.47,24.51,60985.4885601514,88.116,1885653.9
Denmark,2021,23.75,0.73,26.33,19.12,69727.9873677012,88.24,2011353.6
Denmark,2022,21.93,0.72,25.74,17.83,68091.3191138669,88.367,1882619.2
Djibouti,2010,7.28,4.94,0.72,1.47,1213.23352553429,76.999,11244.0
Djibouti,2011,7.52,4.84,0.13,0.76,1306.34552844977,77.064,11259.0
Djibouti,2012,7.62,4.89,0.09,4.82,1400.19357858954,77.138,11264.25
Djibouti,2013,9.2,4.75,0.12,1.85,2075.94498424748,77.222,11214.28
Djibouti,2014,6.48,4.66,0.14,1.32,2214.62084142432,77.314,11008.65
Djibouti,2015,6.42,4.76,0.07,1.96,2376.12554719873,77.417,11182.88
Djibouti,2016,6.26,4.56,0.1,1.9,2510.4300076241,77.528,11128.32
Djibouti,2017,6.35,4.55,0.13,2.68,2618.95521147369,77.648,11224.36
Djibouti,2018,6.18,4.63,0.15,3.02,2718.08338799203,77.777,11332.71
Djibouti,2019,5.88,4.1,0.15,3.33,2837.16902340932,77.915,11412.89
Djibouti,2020,5.75,4.16,0.17,3.3,2844.88810647853,78.062,11480.33
Djibouti,2021,5.75,4.11,0.17,4.21,3025.91126413549,78.217,11594.2
Djibouti,2022,5.85,4.05,0.13,3.99,3133.25779772463,78.38,11677.87
Dominica,2010,10.0,1.94,13.64,44.41,7549.61964680375,68.094,1365.1
Dominica,2011,10.78,1.47,11.03,39.75,7705.40717248319,68.389,1383.8
Dominica,2012,14.34,1.14,13.51,24.78,7528.51001990155,68.685,1422.37
Dominica,2013,9.64,1.14,9.33,47.07,7822.21797211398,68.982,1414.61
Dominica,2014,9.97,1.01,11.23,44.55,8131.74876096735,69.28,1406.12
Dominica,2015,9.71,1.26,11.83,44.02,8282.59874702141,69.579,1399.56
Dominica,2016,9.42,1.38,10.7,46.64,8802.56172041363,69.88,1397.87
Dominica,2017,9.98,0.99,9.77,44.47,8224.64896571414,70.181,1400.22
Dominica,2018,9.34,1.17,9.8,46.62,9215.3085405645,70.483,1400.14
Dominica,2019,9.9,0.95,12.65,48.4,9491.14995962374,70.786,1401.85
Dominica,2020,9.61,1.09,13.34,58.11,7827.74842680426,71.09,1411.25
Dominica,2021,11.04,1.44,20.84,54.16,8376.40414141113,71.395,1411.83
Dominica,2022,10.37,1.43,21.15,46.46,9323.66089490562,71.7,1414.27
Dominican Republic,2010,11.73,0.21,8.68,27.12,5478.62470398954,73.753,460685.28
Dominican Republic,2011,10.41,0.2,11.88,27.5,5826.51014109195,74.827,493126.7
Dominican Republic,2012,9.66,0.2,9.08,27.83,6013.81965002603,75.802,438961.88
Dominican Republic,2013,10.01,0.19,9.69,28.6,6136.59429329301,76.749,465877.88
Dominican Republic,2014,8.44,0.22,8.94,32.5,6496.45166971142,77.67,460780.72
Dominican Republic,2015,9.99,0.19,9.2,33.11,6800.95309395474,78.566,487655.12
Dominican Republic,2016,9.43,0.21,9.7,34.88,7160.44200982307,79.436,495842.28
Dominican Republic,2017,6.13,0.19,10.6,34.83,7412.71571571512,80.277,475755.7
Dominican Republic,2018,6.56,0.21,11.29,34.31,7882.98221584944,81.074,490289.78
Dominican Republic,2019,6.56,0.2,10.79,35.01,8183.01623600375,81.828,500756.97
Dominican Republic,2020,6.29,0.17,11.5,31.77,7135.22273255899,82.54,441198.9
Dominican Republic,2021,6.33,0.18,11.91,35.87,8527.0754858205,83.213,512430.2
Dominican Republic,2022,6.25,0.2,14.44,36.85,10104.2449349081,83.848,525359.06
Ecuador,2010,17.41,0.46,13.01,22.93,4520.30959039763,62.69,791803.25
Ecuador,2011,17.65,0.43,13.74,21.88,5153.6916424375,62.851,809298.5
Ecuador,2012,17.18,0.44,13.76,21.42,5634.08393191094,62.988,793454.0
Ecuador,2013,16.62,0.44,14.45,21.79,6109.29031510341,63.125,830773.25
Ecuador,2014,14.57,0.38,19.13,21.59,6405.79979300441,63.261,893172.7
Ecuador,2015,13.32,0.34,18.45,21.04,5976.1596805651,63.398,894926.6
Ecuador,2016,12.96,0.34,15.62,20.61,5917.63771271481,63.534,921697.4
Ecuador,2017,13.12,0.3,15.48,20.38,6233.32244797718,63.67,836890.0
Ecuador,2018,12.64,0.29,16.4,19.45,6303.91886658338,63.821,839724.5
Ecuador,2019,13.3,0.3,13.96,18.58,6205.05765246766,63.986,906135.94
Ecuador,2020,13.81,0.37,12.58,25.82,5463.64515348598,64.166,845811.56
Ecuador,2021,12.91,0.4,12.39,27.71,6061.32350181711,64.361,872794.5
Ecuador,2022,12.3,0.4,11.25,28.78,6515.58528418336,64.57,956185.25
El Salvador,2010,9.88,0.02,2.6,17.69,3040.07300952878,65.452,145944.97
El Salvador,2011,8.04,0.02,2.43,18.58,3330.60049486653,66.325,140453.0
El Salvador,2012,7.94,0.02,2.63,19.46,3497.91256915509,67.187,145180.25
El Salvador,2013,6.48,0.02,2.96,20.28,3582.26694005169,68.036,140367.5
El Salvador,2014,6.49,0.02,3.31,23.75,3666.01248913873,68.874,145010.38
El Salvador,2015,6.52,0.02,3.5,23.66,3790.34089108162,69.7,153084.39
El Salvador,2016,6.74,0.02,3.95,23.88,3901.34014965811,70.501,162480.73
El Salvador,2017,7.45,0.02,4.12,23.95,4020.12671373919,71.275,161609.94
El Salvador,2018,8.15,0.02,4.75,25.7,4183.54620971358,72.023,170131.95
El Salvador,2019,10.52,0.02,4.94,25.34,4320.11671534627,72.746,173713.14
El Salvador,2020,10.45,0.02,5.2,24.15,3997.19279583709,73.444,157266.25
El Salvador,2021,10.59,0.02,6.1,27.77,4642.60743101342,74.118,182672.38
El Salvador,2022,9.64,0.02,5.2,28.06,5074.60210221806,74.767,185986.52
Estonia,2010,12.21,0.54,37.57,20.48,14663.7041018705,68.094,75420.0
Estonia,2011,13.12,0.48,35.86,18.75,17555.5455239426,67.965,80613.0
Estonia,2012,10.4,0.43,28.86,19.61,17568.2137969714,67.974,78226.0
Estonia,2013,7.0,0.43,28.98,20.62,19310.3874900757,68.122,79661.0
Estonia,2014,6.36,0.45,33.13,19.84,20581.7898991695,68.269,71205.78
Estonia,2015,6.51,0.45,36.89,20.66,17722.1557669523,68.416,82993.81
Estonia,2016,7.48,0.46,38.3,21.1,18666.3736521706,68.563,77963.09
Estonia,2017,7.45,0.46,34.45,21.03,20851.5223496861,68.717,71363.26
Estonia,2018,8.65,0.47,37.01,22.13,23618.1361254581,68.88,72900.19
Estonia,2019,7.93,0.38,37.39,21.74,24021.2501413306,69.051,75348.7
Estonia,2020,8.47,0.41,37.71,21.06,23933.9939421065,69.229,77311.17
Estonia,2021,9.79,0.37,39.83,21.55,27953.7670230126,69.415,77761.78
Estonia,2022,8.81,0.4,38.06,21.26,28451.1477825175,69.609,75392.39
Eswatini,2010,17.07,2.17,1.7,6.18,3992.95199562618,22.48,22966.28
Eswatini,2011,15.27,2.15,1.71,6.25,4312.34243414155,22.7,23636.5
Eswatini,2012,15.48,1.98,1.84,6.46,4347.99569336631,22.849,24211.27
Eswatini,2013,17.1,2.03,2.65,6.78,3951.12008139006,22.999,23346.26
Eswatini,2014,18.56,2.14,2.57,7.6,3771.90796458406,23.149,23079.71
Eswatini,2015,17.24,2.14,2.16,6.75,3420.75357067279,23.3,23384.35
Eswatini,2016,17.04,2.01,1.92,6.8,3239.80707501414,23.459,20732.99
Eswatini,2017,17.73,2.0,2.47,6.69,3853.99147918102,23.625,20492.64
Eswatini,2018,18.05,2.03,2.34,6.5,3973.46344933667,23.799,20732.51
Eswatini,2019,16.83,1.82,2.32,6.9,3913.12643969301,23.981,22214.5
Eswatini,2020,16.96,1.87,1.98,6.99,3454.784217446,24.171,23133.14
Eswatini,2021,15.72,1.87,1.88,6.85,3966.29863253832,24.369,22978.93
Eswatini,2022,15.75,1.81,2.0,6.24,3889.65276959161,24.576,22068.97
Ethiopia,2010,4.71,1.6,0.02,0.64,330.619412798644,17.319,749178.6
Ethiopia,2011,4.04,1.44,0.02,0.55,343.024942351887,17.735,731810.0
Ethiopia,2012,3.25,1.35,0.02,0.58,452.101031885754,18.16,671055.0
Ethiopia,2013,3.47,1.45,0.02,0.62,484.039833104062,18.575,678965.0
Ethiopia,2014,3.57,1.48,0.03,0.68,549.986577082588,18.998,736131.5
Ethiopia,2015,3.56,1.47,0.02,0.67,621.845673808133,19.428,758118.1
Ethiopia,2016,3.71,1.6,0.02,0.68,696.196084806324,19.866,764264.44
Ethiopia,2017,3.36,1.5,0.02,0.63,745.632433925343,20.31,774883.0
Ethiopia,2018,3.3,1.5,0.02,0.63,747.968003672674,20.763,809671.7
Ethiopia,2019,3.35,2.09,0.02,0.49,828.709080522921,21.225,876998.1
Ethiopia,2020,3.55,2.13,0.02,0.54,905.313159254148,21.695,923384.6
Ethiopia,2021,3.38,1.83,0.02,0.4,910.947887074508,22.174,838443.06
Ethiopia,2022,3.33,1.81,0.02,0.4,1011.07332413462,22.661,819310.06
Fiji,2010,3.6,4.83,4.5,17.22,3449.14452883369,52.171,20887.39
Fiji,2011,3.65,4.96,4.56,22.68,4139.60288609702,52.683,26074.04
Fiji,2012,4.06,5.4,4.5,28.99,4341.40338748749,53.196,30539.88
Fiji,2013,2.88,5.28,4.36,18.78,4572.44377544245,53.706,22540.74
Fiji,2014,3.67,5.71,4.49,23.9,5293.35676680464,54.216,27725.06
Fiji,2015,4.08,5.51,4.54,25.05,5097.53106864695,54.726,29826.92
Fiji,2016,3.34,4.75,4.76,18.46,5363.79026679243,55.235,19912.53
Fiji,2017,4.59,6.63,4.62,36.79,5826.84814459328,55.742,40070.9
Fiji,2018,4.79,6.48,4.2,41.62,6085.41979485376,56.248,41885.49
Fiji,2019,3.65,5.61,3.77,39.8,5950.82866866702,56.75,39710.58
Fiji,2020,3.84,4.95,3.7,31.62,4844.42127154524,57.247,30497.92
Fiji,2021,3.49,5.34,3.18,30.88,4696.17103944634,57.74,31728.2
Fiji,2022,4.54,6.34,3.83,37.14,5405.03006162671,58.229,51237.56
Finland,2010,18.39,0.56,36.44,18.68,46506.2919016566,83.77,386526.9
Finland,2011,18.74,0.57,34.85,18.93,51060.3242589767,84.313,391100.0
Finland,2012,19.46,0.56,37.09,18.86,47551.6740841369,84.841,385834.75
Finland,2013,19.16,0.56,36.23,18.94,49691.0145200739,85.125,391346.5
Finland,2014,18.24,0.55,35.82,18.64,50073.7760815871,85.175,386974.72
Finland,2015,17.72,0.55,36.01,18.59,42560.3456767103,85.225,400205.38
Finland,2016,18.13,0.56,36.12,18.76,43451.2562442158,85.275,406546.28
Finland,2017,18.84,0.56,36.19,19.0,46085.0174739036,85.325,400807.6
Finland,2018,19.31,0.57,37.38,19.58,49654.2497035329,85.382,391590.0
Finland,2019,17.91,0.54,31.84,20.58,48358.1807773701,85.446,397560.0
Finland,2020,17.65,0.47,30.0,21.06,48828.6846862799,85.517,409152.0
Finland,2021,19.33,0.44,30.82,22.81,53099.1351400148,85.596,410998.0
Finland,2022,17.34,0.45,29.36,23.67,50440.560224974,85.681,403712.0
France,2010,26.25,3.79,35.1,23.99,40694.8211697025,78.369,5810230.5
France,2011,25.69,3.59,33.97,23.94,43929.7840873812,78.622,5832339.5
France,2012,25.41,3.53,34.0,24.12,40863.5814412333,78.878,5676336.5
France,2013,24.18,3.43,33.7,24.23,42669.1795111893,79.135,5529044.0
France,2014,24.2,3.38,34.06,25.56,43148.0459288416,79.394,5598080.0
France,2015,24.17,3.21,34.43,25.94,36702.4323733379,79.655,5654140.0
France,2016,24.03,3.03,33.4,26.25,37024.2157133669,79.917,5664372.5
France,2017,23.4,2.97,33.51,25.99,38687.1626407164,80.18,5563378.5
France,2018,23.55,2.97,34.21,27.27,41418.1766484844,80.444,5468057.5
France,2019,23.68,2.57,33.44,26.03,40408.2848574751,80.709,5422413.5
France,2020,23.03,2.45,33.04,26.29,39169.8606000707,80.975,5398452.0
France,2021,23.01,2.4,33.42,25.65,43725.0999521245,81.242,5363841.5
France,2022,23.22,2.44,33.73,24.6,41082.8119320747,81.509,5105899.5
French Polynesia,2010,33.88,3.05,13.66,41.92,22494.806706186,60.317,2033.0
French Polynesia,2011,35.16,2.99,13.38,43.52,22831.5185348524,60.889,1888.0
French Polynesia,2012,33.73,2.97,13.33,42.69,20846.5457478364,61.459,1968.4
French Polynesia,2013,32.95,2.97,13.32,45.57,21955.6329264095,61.583,1820.47
French Polynesia,2014,33.19,2.99,13.53,46.73,22258.6321384251,61.633,1890.31
French Polynesia,2015,32.71,3.0,13.51,46.24,19166.9594761931,61.683,1883.59
French Polynesia,2016,28.06,2.99,18.48,45.81,19690.0775734589,61.734,1797.08
French Polynesia,2017,26.97,2.91,16.99,45.75,20826.9312492172,61.784,1728.17
French Polynesia,2018,28.79,2.78,19.14,46.64,21925.616043938,61.834,1774.42
French Polynesia,2019,24.89,2.79,16.88,45.73,21582.5892046801,61.897,1741.88
French Polynesia,2020,29.31,2.08,11.62,46.13,19966.4838503859,61.975,1795.84
French Polynesia,2021,27.6,2.14,12.68,46.91,21982.9038942614,62.066,1835.2
French Polynesia,2022,32.78,2.46,12.78,47.07,20738.6499971661,62.17,1796.94
Gabon,2010,6.81,1.07,4.99,33.29,8356.74662013345,85.533,36292.19
Gabon,2011,6.02,1.08,5.54,39.01,10219.1139339454,86.092,36663.4
Gabon,2012,6.3,0.96,5.76,38.0,9296.96587941088,86.634,37563.0
Gabon,2013,8.07,0.88,8.04,38.67,9197.70106323947,87.156,38357.58
Gabon,2014,7.01,0.94,8.52,39.87,9201.36276648105,87.651,38893.01
Gabon,2015,9.63,0.76,8.96,43.55,7047.12654634355,88.118,39046.41
Gabon,2016,7.05,0.66,8.49,36.51,6677.07003901644,88.559,39232.24
Gabon,2017,7.08,0.65,8.65,37.4,6921.73373135624,88.976,39447.61
Gabon,2018,6.97,0.63,7.47,38.31,7624.2775233771,89.37,39881.19
Gabon,2019,6.06,0.64,8.13,33.81,7441.1786472281,89.741,40160.24
Gabon,2020,5.51,0.56,8.99,38.63,6605.80346077904,90.092,40983.91
Gabon,2021,4.23,0.63,9.33,38.45,8181.40914134398,90.423,40471.23
Gabon,2022,5.12,0.67,7.97,38.34,8409.20741452279,90.735,40955.4
Georgia,2010,8.46,1.15,7.14,13.24,3281.72930937343,55.535,56400.0
Georgia,2011,7.76,0.78,7.43,13.81,4119.66818307193,55.919,49270.0
Georgia,2012,6.73,0.79,8.36,14.44,4530.69533409431,56.303,42570.0
Georgia,2013,6.68,0.8,9.54,14.73,4712.00229382665,56.685,48370.0
Georgia,2014,7.95,1.36,10.43,15.24,4830.33486170249,57.067,59170.0
Georgia,2015,7.61,1.33,9.99,15.61,4086.6223465965,57.448,66700.0
Georgia,2016,6.79,1.06,9.61,17.2,4143.40125686315,57.837,66085.3
Georgia,2017,6.95,0.56,10.21,17.81,4418.75206546679,58.231,66208.21
Georgia,2018,7.64,0.67,10.74,16.47,4804.0546040444,58.632,72532.84
Georgia,2019,7.39,0.83,10.37,19.32,4741.2832715876,59.039,69563.49
Georgia,2020,6.57,1.3,9.79,19.31,4300.85701291207,59.453,69459.2
Georgia,2021,6.34,1.09,11.31,18.49,5083.60695484577,59.872,72579.46
Georgia,2022,7.28,1.34,12.3,19.19,6729.84659930283,60.297,74590.96
Germany,2010,12.86,0.79,55.34,17.84,42409.9356994694,76.966,8185291.5
Germany,2011,13.61,0.9,54.45,18.04,47646.582043143,77.16,8322638.0
Germany,2012,13.56,0.76,53.24,17.68,44735.5882319701,77.17,8155482.5
Germany,2013,13.34,0.74,52.48,17.86,47220.0102098851,77.18,8183412.5
Germany,2014,13.51,0.81,49.62,17.62,48971.0824722599,77.19,8317017.0
Germany,2015,14.17,0.81,51.57,17.66,41911.0109851054,77.2,8333571.5
Germany,2016,14.62,0.81,45.96,17.91,42961.0356905775,77.224,8366516.0
Germany,2017,14.96,0.82,44.68,18.06,45526.5999576533,77.261,8248595.0
Germany,2018,14.89,0.82,45.6,18.21,48874.8595028454,77.312,8024938.0
Germany,2019,14.49,0.84,46.72,17.38,47623.8656074829,77.376,7919216.0
Germany,2020,14.73,0.95,44.06,18.11,47379.765194548,77.453,7824838.0
Germany,2021,14.95,0.7,41.83,17.15,52265.6541620571,77.544,7633861.0
Germany,2022,14.05,0.75,38.96,16.51,49686.1154582583,77.648,7028020.0
Ghana,2010,1.22,1.46,0.8,5.81,1263.89251760539,50.713,224567.11
Ghana,2011,1.14,1.58,1.0,7.59,1507.43573198753,51.394,237804.0
Ghana,2012,1.12,1.65,1.04,7.6,1543.77524235764,52.073,245194.55
Ghana,2013,1.06,1.71,1.16,8.1,2294.79584693743,52.748,249102.25
Ghana,2014,1.16,1.73,0.89,6.75,1949.90832923846,53.419,254945.42
Ghana,2015,1.1,1.74,1.05,6.0,1722.77282833606,54.086,269800.9
Ghana,2016,1.04,1.74,0.98,5.2,1912.47991339951,54.749,272504.53
Ghana,2017,1.05,1.65,1.07,6.93,2012.28662641265,55.407,280516.97
Ghana,2018,0.99,1.53,0.86,8.74,2195.32166016377,56.06,285434.97
Ghana,2019,1.41,1.69,1.03,7.03,2186.65822682613,56.707,295176.88
Ghana,2020,1.55,1.74,1.19,11.21,2195.45481659987,57.349,301937.9
Ghana,2021,1.67,1.84,1.43,13.41,2445.18662529344,57.985,298611.47
Ghana,2022,1.46,1.86,1.29,9.57,2229.89122647803,58.615,303049.84
Greece,2010,20.43,13.13,29.35,15.02,26653.0488008626,76.292,451390.88
Greece,2011,18.13,13.46,31.55,13.46,25504.7866510124,76.649,430489.22
Greece,2012,17.29,13.05,27.73,15.07,21624.346052551,77.004,432773.38
Greece,2013,16.42,12.72,28.79,16.05,21573.3449762805,77.355,487498.78
Greece,2014,14.8,11.65,27.95,15.07,21474.7257123892,77.702,425228.62
Greece,2015,13.96,7.86,27.93,14.92,17980.7298238137,78.046,459453.25
Greece,2016,14.36,7.77,27.97,14.91,17919.2426377048,78.387,461053.2
Greece,2017,15.3,7.0,28.31,15.14,18631.9930129293,78.724,445806.16
Greece,2018,15.51,6.78,28.8,27.62,19873.4015238771,79.058,437188.22
Greece,2019,14.94,8.36,28.59,25.66,19335.3602002969,79.388,443050.0
Greece,2020,14.46,7.56,24.82,23.0,17886.733165236,79.715,441902.56
Greece,2021,14.54,7.58,26.33,26.09,20654.7001960815,80.038,435980.5
Greece,2022,14.8,8.56,27.39,26.23,20971.8349258283,80.357,458892.3
Grenada,2010,4.95,1.21,10.06,36.72,6909.60169568597,35.865,1522.7
Grenada,2011,4.07,1.21,8.67,37.83,6947.38136096464,35.859,1515.86
Grenada,2012,4.08,1.18,10.17,36.85,7092.71985352677,35.869,1539.96
Grenada,2013,3.74,1.05,9.31,39.76,7424.80212287327,35.896,1626.93
Grenada,2014,3.31,1.06,9.22,38.72,7986.33421210788,35.938,1651.97
Grenada,2015,5.13,1.17,11.53,41.45,8694.12438005692,35.997,1792.22
Grenada,2016,5.76,1.36,14.11,40.11,9221.23461079424,36.072,1816.12
Grenada,2017,4.72,1.12,14.94,42.47,9751.42661155932,36.164,1793.65
Grenada,2018,5.82,1.21,17.7,43.32,10083.021279225,36.272,2011.85
Grenada,2019,5.76,1.19,15.75,43.59,10462.7929159533,36.396,2072.48
Grenada,2020,5.61,1.31,14.07,54.31,8968.55890108484,36.537,1812.08
Grenada,2021,6.36,1.35,15.01,55.0,9622.24050459345,36.694,1839.71
Grenada,2022,8.61,1.53,16.81,49.59,10535.4588771454,36.868,2213.6
Guatemala,2010,10.9,0.15,5.4,17.15,2805.25960237322,48.403,328311.78
Guatemala,2011,11.07,0.15,5.39,17.32,3168.98370607705,48.701,348938.56
Guatemala,2012,11.23,0.15,5.09,17.47,3286.61959336267,49.0,366510.88
Guatemala,2013,11.31,0.15,5.07,17.64,3444.15971264862,49.311,378493.62
Guatemala,2014,11.58,0.19,4.84,17.93,3689.14471813777,49.634,510997.72
Guatemala,2015,12.15,0.14,4.7,19.69,3893.50522093509,49.971,520232.0
Guatemala,2016,12.24,0.14,4.54,20.36,4060.13754974186,50.319,531701.9
Guatemala,2017,11.74,0.14,4.5,20.07,4324.99608157801,50.68,540109.06
Guatemala,2018,11.36,0.14,4.84,19.56,4352.94651790253,51.054,571728.56
Guatemala,2019,12.33,0.13,4.21,25.63,4511.99755157656,51.439,593994.75
Guatemala,2020,12.05,0.13,4.0,29.48,4477.61761796418,51.836,683838.9
Guatemala,2021,11.24,0.13,5.39,25.47,4912.62225721201,52.245,623378.6
Guatemala,2022,11.68,0.13,5.06,29.03,5358.70127494396,52.666,697494.7
Guinea,2010,6.1,1.5,0.17,1.81,659.235326211315,33.678,92063.66
Guinea,2011,6.27,1.56,0.18,1.88,636.694958747648,33.966,98196.0
Guinea,2012,6.45,1.63,0.17,1.99,699.353377212197,34.255,103555.0
Guinea,2013,6.65,1.7,0.17,2.05,748.455020824734,34.545,112395.38
Guinea,2014,6.84,1.68,0.16,2.01,765.146999389279,34.836,116032.38
Guinea,2015,7.03,1.73,0.17,2.03,747.356966759448,35.141,120000.41
Guinea,2016,7.27,1.83,0.2,2.09,711.996509782316,35.46,126657.3
Guinea,2017,7.47,1.83,0.21,2.19,833.598621691121,35.793,135841.45
Guinea,2018,7.68,1.94,0.2,2.33,933.273615633705,36.14,139655.58
Guinea,2019,8.87,2.34,0.22,2.68,1031.34146480732,36.5,142441.5
Guinea,2020,9.16,1.93,0.59,5.19,1053.66097696415,36.875,110255.65
Guinea,2021,5.08,2.04,0.28,5.87,1244.96550477914,37.264,117677.92
Guinea,2022,5.28,2.15,0.38,4.63,1416.59612011764,37.668,124649.19
Guinea-Bissau,2010,4.07,1.5,8.74,2.07,600.194298540768,40.111,24334.9
Guinea-Bissau,2011,4.06,1.48,9.36,2.24,719.539573498937,40.508,26031.6
Guinea-Bissau,2012,4.07,1.46,9.24,2.05,635.461653303881,40.908,26520.5
Guinea-Bissau,2013,3.96,1.4,9.6,2.19,654.304534409417,41.31,27781.43
Guinea-Bissau,2014,3.97,1.41,8.86,2.57,652.022501029449,41.715,27066.48
Guinea-Bissau,2015,3.9,1.4,8.62,3.04,645.066837207039,42.123,25654.85
Guinea-Bissau,2016,3.95,1.45,8.3,3.18,679.665386626818,42.533,25466.32
Guinea-Bissau,2017,3.91,1.42,8.17,3.64,783.123186602022,42.945,26764.7
Guinea-Bissau,2018,3.88,1.41,8.04,3.22,808.531613218504,43.36,24710.99
Guinea-Bissau,2019,3.66,1.28,7.16,3.05,807.425524872835,43.777,23428.06
Guinea-Bissau,2020,3.66,1.13,7.04,2.95,836.26731423732,44.196,24600.14
Guinea-Bissau,2021,3.67,1.09,6.17,3.03,912.484104692847,44.617,24600.51
Guinea-Bissau,2022,3.65,1.05,6.06,2.94,873.437861875428,45.041,24720.26
Guyana,2010,3.33,1.1,1.11,31.93,4581.76179693492,26.634,28285.0
Guyana,2011,3.22,1.11,1.04,34.58,4947.22170589917,26.4,28752.47
Guyana,2012,2.71,1.13,2.42,40.82,5444.39751913913,26.4,33083.14
Guyana,2013,3.41,1.12,2.45,38.71,5556.91231156932,26.4,32950.0
Guyana,2014,3.85,1.12,3.57,39.71,5472.68820452237,26.414,32334.66
Guyana,2015,3.36,1.11,3.41,42.31,5640.41560569466,26.441,34066.58
Guyana,2016,3.1,1.12,3.93,43.82,5870.87823759835,26.482,35276.11
Guyana,2017,3.11,1.12,4.25,40.86,6178.6650437298,26.538,33942.87
Guyana,2018,3.14,1.09,4.21,54.1,6048.38697180418,26.606,45447.04
Guyana,2019,4.19,1.07,5.45,49.38,6405.82443444562,26.689,43338.21
Guyana,2020,4.42,1.06,5.64,54.38,6775.70939096303,26.786,47299.25
Guyana,2021,3.57,1.05,6.01,61.71,9860.87014834386,26.897,53164.6
Guyana,2022,3.2,1.06,7.34,65.81,17913.4928066879,27.022,60754.82
Haiti,2010,4.74,0.61,3.99,5.99,1209.72733503094,47.509,103838.69
Haiti,2011,4.76,0.63,4.29,7.68,1312.03953552013,48.492,104515.5
Haiti,2012,4.78,0.64,4.18,8.06,1361.39396587374,49.477,105035.5
Haiti,2013,4.69,0.65,4.14,7.62,1457.83221179626,50.46,105035.5
Haiti,2014,4.49,0.67,5.57,8.45,1460.18898613914,51.444,104999.03
Haiti,2015,4.44,0.69,5.09,8.76,1411.12684746796,52.427,105493.3
Haiti,2016,4.41,0.74,5.01,9.98,1318.40268167953,53.396,106870.42
Haiti,2017,4.39,0.7,4.53,9.07,1395.23945184461,54.346,106625.12
Haiti,2018,4.51,0.68,4.96,10.19,1496.38048970156,55.278,105584.54
Haiti,2019,4.35,0.54,4.0,9.82,1352.17204191532,56.192,107032.32
Haiti,2020,4.31,0.61,4.72,10.94,1290.32538667383,57.088,107768.24
Haiti,2021,4.32,0.58,4.04,12.19,1835.44394078496,57.964,107628.19
Haiti,2022,4.31,0.59,4.05,9.92,1760.62635668777,58.82,108508.06
Honduras,2010,7.02,0.03,4.95,17.35,1893.32722662035,51.885,205653.0
Honduras,2011,6.91,0.03,4.7,18.81,2073.66121088074,52.543,224007.5
Honduras,2012,6.09,0.03,4.41,18.74,2126.03474686503,53.202,231075.81
Honduras,2013,6.52,0.03,5.28,18.09,2081.12843527945,53.858,227892.81
Honduras,2014,6.69,0.03,4.3,18.39,2179.88171977271,54.514,232884.97
Honduras,2015,7.01,0.03,5.06,20.32,2271.20265980349,55.165,251687.55
Honduras,2016,7.09,0.03,5.47,21.3,2307.34468351082,55.813,263703.03
Honduras,2017,6.76,0.03,5.47,21.16,2413.0076562942,56.457,269533.6
Honduras,2018,6.48,0.03,6.01,22.56,2464.64241531918,57.096,283038.12
Honduras,2019,6.36,0.03,6.15,22.73,2502.32744328073,57.73,282826.44
Honduras,2020,6.31,0.03,6.84,20.23,2307.61494319511,58.359,265576.84
Honduras,2021,6.33,0.03,8.38,25.22,2735.14751503977,58.982,307034.9
Honduras,2022,6.23,0.03,7.19,25.94,3003.28996826399,59.6,313010.12
Hungary,2010,5.73,0.11,40.6,23.36,13189.8433874768,68.911,869810.0
Hungary,2011,6.44,0.14,41.64,24.91,14211.460557822,69.358,877578.0
Hungary,2012,6.0,0.14,39.2,25.81,12950.1594488143,69.678,862890.0
Hungary,2013,5.53,0.11,35.14,23.39,13739.4620151401,69.953,811454.0
Hungary,2014,5.23,0.14,40.0,25.24,14352.501883174,70.227,894504.2
Hungary,2015,4.92,0.14,44.96,24.72,12782.9412577973,70.5,988669.5
Hungary,2016,5.29,0.13,47.84,24.83,13215.8605277789,70.779,1016028.94
Hungary,2017,5.49,0.14,49.52,25.14,14736.1668157258,71.062,1005762.0
Hungary,2018,5.81,0.15,53.93,26.51,16605.0570511887,71.351,1030277.0
Hungary,2019,6.11,0.16,51.4,27.33,17012.8598553199,71.644,1032210.0
Hungary,2020,5.77,0.08,47.86,27.48,16386.9308821258,71.942,1026636.3
Hungary,2021,5.74,0.1,50.0,25.34,19030.628130329,72.245,1056564.5
Hungary,2022,5.4,0.11,47.08,23.69,18483.6366867035,72.552,960374.75
Iceland,2010,12.19,21.65,19.41,25.68,43237.0729488958,93.574,30423.0
Iceland,2011,13.53,21.82,19.59,26.16,47714.5922308485,93.587,30607.0
Iceland,2012,11.92,21.87,20.56,26.39,45995.5478789467,93.6,32114.34
Iceland,2013,12.41,21.85,21.49,26.98,49804.9829978371,93.633,32512.58
Iceland,2014,15.76,21.71,19.69,26.93,54576.7448146565,93.667,32329.87
Iceland,2015,15.86,21.67,19.77,27.65,52951.6815110898,93.7,32952.01
Iceland,2016,15.87,21.63,20.03,27.28,61987.9263620283,93.735,33988.97
Iceland,2017,16.85,21.34,19.94,32.59,72010.1490316258,93.773,35439.25
Iceland,2018,16.84,19.89,20.29,29.55,74452.1890731447,93.813,35969.01
Iceland,2019,16.39,19.1,21.09,31.63,68452.23622306,93.855,35319.44
Iceland,2020,13.8,20.17,20.12,29.99,59023.5663465778,93.898,34611.74
Iceland,2021,15.03,17.36,20.18,29.48,69178.4046960961,93.944,34326.47
Iceland,2022,16.0,14.89,20.68,30.74,75121.0152280628,93.992,33740.44
India,2010,1.43,0.61,0.3,1.79,1347.51939071367,30.93,6954652.0
India,2011,1.17,0.6,0.27,1.93,1445.46127486037,31.276,7486304.0
India,2012,1.07,0.51,0.25,1.94,1429.32199520032,31.634,7923446.0
India,2013,0.84,0.52,0.26,2.1,1432.84397512195,32.003,8529705.0
India,2014,0.92,0.55,0.29,2.35,1553.88396075118,32.384,9046844.0
India,2015,0.98,0.57,0.29,2.49,1583.99815907985,32.777,9441027.0
India,2016,0.92,0.57,0.29,2.59,1707.50892912243,33.182,9826875.0
India,2017,0.85,0.57,0.28,2.81,1950.10468280866,33.6,10323678.0
India,2018,1.05,0.57,0.27,2.99,1966.25455171679,34.03,10710214.0
India,2019,1.04,0.59,0.26,3.17,2041.42863698585,34.472,11207411.0
India,2020,2.02,0.59,0.23,3.23,1907.04251637669,34.926,10947039.0
India,2021,2.25,0.58,0.23,3.33,2239.61384367482,35.393,11633337.0
India,2022,2.2,0.58,0.22,3.49,2347.44829434623,35.872,12402631.0
Indonesia,2010,2.55,0.42,0.87,6.68,3065.68348377765,49.914,2365589.0
Indonesia,2011,2.43,0.42,1.39,6.85,3579.46442466152,50.595,2553807.0
Indonesia,2012,2.33,0.43,1.41,7.01,3632.27254030331,51.276,2658127.0
Indonesia,2013,2.43,0.44,1.43,7.17,3566.60284506078,51.955,2823237.0
Indonesia,2014,2.58,0.46,1.54,7.32,3441.06808464008,52.635,2918667.0
Indonesia,2015,2.53,0.47,1.54,7.45,3288.22269725538,53.313,3049734.0
Indonesia,2016,2.86,0.46,1.33,7.6,3521.46943457574,53.989,3348950.0
Indonesia,2017,2.7,0.47,1.2,7.74,3798.88326174526,54.659,4179482.0
Indonesia,2018,2.77,0.47,0.81,7.92,3860.95353090726,55.325,4777464.0
Indonesia,2019,2.91,0.54,0.88,14.71,4106.94856160358,55.985,4881671.0
Indonesia,2020,2.57,0.43,1.04,13.54,3853.70288774146,56.641,4549302.0
Indonesia,2021,2.87,0.39,0.92,12.77,4287.17313995098,57.29,4540374.0
Indonesia,2022,2.99,0.42,0.94,14.8,4730.83484836107,57.934,5060760.0
Iraq,2010,2.98,1.83,0.0,11.76,4461.75196161555,69.103,166119.73
Iraq,2011,3.27,1.59,0.0,16.53,5775.54229080293,69.268,202155.25
Iraq,2012,3.36,2.0,0.0,15.17,6477.59618450955,69.432,209615.7
Iraq,2013,3.27,1.92,0.0,16.88,6650.35282247395,69.595,181317.1
Iraq,2014,3.43,1.82,0.08,5.86,6249.39226978969,69.758,178779.42
Iraq,2015,2.91,1.74,0.12,13.75,4440.14189252367,69.921,175375.7
Iraq,2016,2.9,1.71,0.11,15.48,4334.42096404188,70.094,180085.22
Iraq,2017,3.36,1.7,0.22,17.17,4759.2846435467,70.278,188873.62
Iraq,2018,3.41,1.64,0.26,16.48,5646.68932074742,70.473,201415.73
Iraq,2019,3.58,1.61,0.29,17.26,5671.8568632942,70.678,242378.66
Iraq,2020,3.19,1.56,0.33,16.48,4295.18945121228,70.893,252954.53
Iraq,2021,3.56,1.51,0.4,13.13,4868.49431080783,71.119,242304.98
Iraq,2022,3.64,1.48,0.41,16.42,6520.73154560584,71.354,261339.1
Ireland,2010,22.17,3.53,30.5,22.86,48679.4026820361,61.542,933328.5
Ireland,2011,22.04,2.79,29.98,21.33,52692.7813135606,61.742,938734.5
Ireland,2012,22.39,3.01,31.78,25.39,49411.7387476787,61.942,903493.94
Ireland,2013,22.41,4.13,32.57,26.47,52619.2123745817,62.141,926835.4
Ireland,2014,19.11,3.31,30.73,24.84,57278.2590911107,62.34,1005668.4
Ireland,2015,20.21,3.37,29.84,26.75,64311.8234684057,62.538,1010721.94
Ireland,2016,20.02,3.37,26.97,27.29,64192.9418053178,62.737,1044896.2
Ireland,2017,20.2,3.4,28.73,23.85,72198.1076995377,62.947,1126747.9
Ireland,2018,23.58,3.41,30.01,24.39,80738.9628834696,63.17,1143556.0
Ireland,2019,19.43,3.59,29.44,28.11,81810.1926481407,63.405,1147948.4
Ireland,2020,20.4,2.92,29.29,28.88,86622.5067251295,63.653,1188719.0
Ireland,2021,23.41,3.95,27.81,30.75,103961.976350649,63.912,1159652.1
Ireland,2022,23.63,4.22,29.11,31.18,105234.511567597,64.183,1185622.4
Israel,2010,29.49,1.96,2.55,65.87,31439.0887027614,91.826,693884.7
Israel,2011,29.88,1.99,2.43,66.11,34522.5215979073,91.892,714668.2
Israel,2012,28.09,1.99,2.08,66.11,33321.4300881602,91.96,736217.1
Israel,2013,29.5,2.02,2.01,66.2,37034.3161080785,92.031,703493.25
Israel,2014,27.97,2.11,1.72,70.92,38343.3046626235,92.104,739683.3
Israel,2015,28.03,1.87,1.75,74.36,36213.1041481958,92.179,785582.8
Israel,2016,30.54,1.76,1.72,77.91,37671.5389138798,92.256,817193.94
Israel,2017,31.27,1.83,1.56,75.19,41138.470964272,92.336,824290.75
Israel,2018,30.03,1.73,1.39,77.13,42362.6652754196,92.418,828797.7
Israel,2019,31.68,1.76,1.37,70.3,44250.6313628073,92.501,813725.9
Israel,2020,30.33,5.1,1.48,75.2,44575.5719045492,92.587,862178.75
Israel,2021,34.11,4.96,1.33,70.42,52270.9040241956,92.674,841980.44
Israel,2022,36.1,5.1,1.15,70.83,54949.621556429,92.763,864793.2
Italy,2010,23.48,1.25,42.35,17.77,35856.8625485539,68.327,4066402.0
Italy,2011,21.88,1.19,40.59,18.35,38432.3742820019,68.444,3961130.8
Italy,2012,21.05,1.11,40.24,19.24,34854.3949441965,68.684,4024057.8
Italy,2013,18.9,0.93,40.74,18.82,35701.6746002376,68.979,3856587.5
Italy,2014,19.79,0.97,36.76,18.5,36028.3494022349,69.272,3386830.8
Italy,2015,17.55,0.9,36.99,18.62,30639.8829751432,69.565,3691961.0
Italy,2016,17.38,0.95,36.36,18.81,31391.5692898108,69.855,3838804.5
Italy,2017,16.33,0.88,40.69,19.08,32844.115660604,70.144,3643617.8
Italy,2018,17.21,0.88,38.47,19.18,34904.1081923834,70.438,3661613.0
Italy,2019,17.45,0.89,36.55,19.63,33812.788724868,70.736,3690036.0
Jamaica,2010,5.13,1.49,3.64,52.73,4809.977380312,53.743,114867.0
Jamaica,2011,6.17,1.3,3.89,52.63,5232.63644918132,53.93,114480.0
Jamaica,2012,5.24,1.38,3.92,53.32,5340.83333232158,54.132,115891.1
Jamaica,2013,4.48,1.17,3.99,53.18,5124.21301411137,54.35,117767.99
Jamaica,2014,4.23,1.3,3.54,53.49,4975.11325459872,54.584,123109.52
Jamaica,2015,4.38,1.14,3.52,54.36,5062.8955502426,54.833,126397.95
Jamaica,2016,4.57,1.1,3.83,52.86,5009.79448724295,55.098,141575.62
Jamaica,2017,4.14,1.04,3.59,53.25,5259.31332766957,55.378,142160.16
Jamaica,2018,5.07,0.94,3.51,57.59,5578.10347525832,55.674,146019.88
Jamaica,2019,5.4,1.03,3.24,57.85,5607.24299266608,55.985,147877.6
Jamaica,2020,4.5,0.98,2.43,55.65,4879.44025773374,56.311,136800.38
Jamaica,2021,6.38,0.81,2.67,51.98,5165.33782130331,56.652,139462.47
Jamaica,2022,5.3,1.18,2.76,55.67,6022.15339791763,57.008,154066.81
Japan,2010,8.87,0.14,19.84,17.36,44968.1562349739,90.812,3233368.8
Japan,2011,8.93,0.14,20.11,17.84,48760.0789494211,91.069,3153784.0
Japan,2012,9.02,0.14,20.26,18.19,49145.2804308193,91.148,3280540.8
Japan,2013,9.16,0.15,19.92,19.68,40898.6478964744,91.226,3904514.8
Japan,2014,8.98,0.15,20.56,18.03,38475.3952461838,91.304,3902288.8
Japan,2015,8.59,0.15,20.09,18.06,34960.6393843385,91.381,3875144.0
Japan,2016,8.56,0.15,21.01,18.28,39375.4731620781,91.457,3921457.2
Japan,2017,9.29,0.15,21.79,18.97,38834.0529341227,91.535,3963165.2
Japan,2018,9.71,0.15,21.87,19.28,39751.1330982711,91.616,4015892.0
Japan,2019,9.79,0.15,22.17,19.82,40415.9567649547,91.698,4054593.0
Japan,2020,9.7,0.14,21.73,22.96,40028.7341726762,91.782,4121723.5
Japan,2021,9.54,0.13,22.02,26.21,40094.5599795288,91.867,4170537.8
Japan,2022,9.48,0.15,22.77,27.9,34065.6438962526,91.955,4163542.5
Jordan,2010,5.07,4.75,0.02,31.28,3718.46571622945,86.088,217564.77
Jordan,2011,7.03,4.6,0.02,31.87,3946.85503855525,87.172,226045.34
Jordan,2012,6.14,6.83,0.0,32.39,4169.50470054618,88.185,235272.89
Jordan,2013,6.08,5.37,0.01,31.58,4311.21916713038,89.125,225671.03
Jordan,2014,4.56,5.04,0.01,29.58,4191.18050084986,90.0,233635.67
Jordan,2015,5.83,5.08,0.01,26.41,4042.75678097555,90.256,232087.77
Jordan,2016,6.42,4.89,0.01,24.9,3986.71677010853,90.506,265352.9
Jordan,2017,6.61,4.57,0.01,24.21,4065.61628749384,90.747,281963.66
Jordan,2018,6.59,5.68,0.01,25.61,4145.43989673265,90.979,286818.0
Jordan,2019,7.58,4.46,0.01,21.96,4170.1144003465,91.203,255394.94
Jordan,2020,7.36,4.42,0.01,24.37,4022.0401356135,91.418,297120.53
Jordan,2021,7.79,4.36,0.01,28.28,4183.49998326866,91.626,326993.84
Jordan,2022,6.82,4.38,0.01,26.6,4332.25159897931,91.827,343059.03
Kazakhstan,2010,23.19,8.68,7.87,15.65,8793.07589980782,56.827,834550.75
Kazakhstan,2011,22.22,8.87,10.2,16.41,11287.1464926039,56.9,838262.9
Kazakhstan,2012,21.5,8.97,10.1,16.72,12018.7966527993,56.973,844946.75
Kazakhstan,2013,21.84,9.11,9.81,17.13,13478.459627612,57.046,865316.06
Kazakhstan,2014,22.83,9.2,8.85,17.76,12427.7094576939,57.118,892358.8
Kazakhstan,2015,23.0,9.2,8.11,17.74,10196.1226255982,57.191,921801.0
Kazakhstan,2016,22.98,9.2,7.69,17.19,7475.56688689424,57.264,951224.0
Kazakhstan,2017,23.68,9.15,7.47,18.01,8943.08416791984,57.336,1008654.5
Kazakhstan,2018,24.19,9.14,7.23,18.42,9472.48527327758,57.428,1050626.1
Kazakhstan,2019,25.94,9.17,7.49,19.91,9457.12614657136,57.54,940302.4
Kazakhstan,2020,26.3,9.02,8.13,20.75,8781.50797787648,57.671,982334.0
Kazakhstan,2021,26.57,9.07,8.74,20.27,9983.60103576902,57.821,1040481.8
Kazakhstan,2022,24.83,8.51,8.01,21.82,11255.3396437881,57.99,1046062.7
Kenya,2010,11.12,2.09,0.3,0.65,1091.51873101194,23.571,685553.25
Kenya,2011,10.74,2.25,0.26,0.5,1096.14499807675,23.969,682684.0
Kenya,2012,9.39,2.19,0.25,0.54,1285.00536171512,24.376,636335.0
Kenya,2013,9.47,2.0,0.28,0.83,1370.87885214659,24.794,661787.0
Kenya,2014,10.19,2.21,0.29,0.97,1482.81566253497,25.221,681691.0
Kenya,2015,10.51,2.08,0.32,0.91,1489.11959777284,25.658,742637.56
Kenya,2016,10.84,1.93,0.3,0.84,1554.12610314423,26.105,445115.38
Kenya,2017,11.09,0.96,0.28,2.18,1667.48447230835,26.562,433286.03
Kenya,2018,10.52,1.12,0.3,2.65,1836.45275528993,27.03,480069.7
Kenya,2019,6.45,1.9,0.32,1.75,1960.40808854893,27.507,644417.44
Kenya,2020,4.69,2.84,0.47,1.34,1927.66459027849,27.995,593965.25
Kenya,2021,4.73,2.05,0.42,1.7,2061.35622089594,28.493,558486.6
Kenya,2022,4.93,1.95,0.37,2.07,2109.56288513137,29.002,528812.94
Kiribati,2010,0.0,0.1,8.31,13.41,1522.10068744154,47.39,1648.0
Kiribati,2011,0.0,0.03,8.39,13.92,1771.12926848792,48.235,1665.0
Kiribati,2012,6.34,0.1,8.62,13.21,1843.55336349889,49.082,1694.96
Kiribati,2013,5.3,0.18,9.43,14.31,1772.08718317132,49.927,1731.02
Kiribati,2014,7.38,0.16,8.0,15.14,1736.70535682101,50.773,1794.37
Kiribati,2015,4.2,0.09,8.93,16.34,1639.85274740652,51.619,1826.26
Kiribati,2016,4.19,0.02,11.51,17.47,1742.66799324117,52.45,1852.75
Kiribati,2017,3.58,0.05,12.74,19.95,1853.05122713319,53.262,1889.7
Kiribati,2018,3.9,0.1,10.68,21.79,1912.73809378187,54.057,1942.39
Kiribati,2019,2.4,0.11,11.36,21.39,1750.9977188915,54.835,2058.81
Kiribati,2020,,0.08,13.61,10.65,1751.7823197053,55.594,2018.74
Kiribati,2021,7.0,0.12,16.52,15.33,2222.04829512346,56.335,2047.78
Kiribati,2022,5.27,0.23,13.58,23.71,2069.76720110559,57.058,2081.81
Kuwait,2010,10.47,14.4,,71.0,39212.2522190461,100.0,79041.0
Kuwait,2011,10.11,14.32,,67.27,49169.6063983139,100.0,86431.0
Kuwait,2012,9.0,14.08,,57.86,52155.2225460479,100.0,89790.71
Kuwait,2013,12.16,13.32,,51.19,49651.0439709448,100.0,86757.29
Kuwait,2014,11.49,13.24,,45.57,44368.781373043,100.0,94818.06
Kuwait,2015,11.88,13.11,,46.17,29882.2126867068,100.0,103084.67
Kuwait,2016,9.49,13.01,,45.7,27323.6890643847,100.0,111285.81
Kuwait,2017,9.67,12.69,,45.56,29047.6535822842,100.0,111348.27
Kuwait,2018,9.57,12.2,,46.51,32067.9623689512,100.0,116921.82
Kuwait,2019,11.68,12.96,0.36,45.75,31707.8737464917,100.0,119441.14
Kuwait,2020,11.7,13.27,0.0,45.7,25236.0755520534,100.0,119792.29
Kuwait,2021,12.68,14.04,0.0,46.37,34018.6342879647,100.0,122778.43
Kuwait,2022,11.86,14.94,0.34,52.27,39981.7690981957,100.0,118509.84
Latvia,2010,5.4,0.3,37.26,21.4,11188.4191700977,67.841,80134.76
Latvia,2011,4.82,0.36,42.35,20.76,12902.574053337,67.869,79705.0
Latvia,2012,4.88,0.35,38.07,20.63,13329.3499931271,67.897,78827.0
Latvia,2013,5.16,0.34,35.29,20.72,14484.4715282132,67.925,80578.0
Latvia,2014,4.72,0.36,35.33,20.73,15185.814581236,67.952,84540.49
Latvia,2015,5.1,0.36,37.99,20.36,13321.9753140616,67.98,85465.3
Latvia,2016,5.23,0.37,39.41,20.34,13838.5266823272,68.021,87175.93
Latvia,2017,5.55,0.37,41.45,20.83,15132.4958333982,68.075,91186.9
Latvia,2018,5.7,0.38,43.59,20.94,17252.1710428626,68.142,90606.0
Latvia,2019,6.07,0.44,40.87,24.05,17294.9751600969,68.222,93054.12
Latvia,2021,5.01,0.32,42.96,24.65,20261.8887788916,68.421,90930.1
Latvia,2022,5.68,0.36,48.07,29.29,20227.2307431581,68.54,92219.85
Lebanon,2010,19.33,2.86,1.53,17.81,7625.81051551165,87.334,140084.12
Lebanon,2011,17.21,2.56,1.44,19.49,7834.96257108993,87.484,152532.25
Lebanon,2012,14.51,2.11,1.41,21.09,8406.98405608118,87.636,155423.8
Lebanon,2013,14.55,2.04,1.21,16.78,8162.37929361396,87.79,144547.42
Lebanon,2014,12.79,1.82,1.11,16.92,7577.6413302369,87.947,151230.9
Lebanon,2015,12.54,1.62,1.05,18.51,7714.1099998804,88.106,166506.73
Lebanon,2016,12.0,1.39,1.12,21.88,8089.012088155,88.266,177024.7
Lebanon,2017,13.3,1.31,1.19,23.01,8608.21084982387,88.429,185842.4
Lebanon,2018,15.0,1.46,1.25,23.86,9174.53666204759,88.593,196616.56
Lebanon,2019,14.65,1.62,1.16,21.87,8905.88005497437,88.758,181855.89
Lebanon,2020,12.77,1.43,0.71,20.76,5561.19166950397,88.925,179060.62
Lebanon,2021,12.65,1.4,0.66,23.98,4045.37391066234,89.093,168265.7
Lebanon,2022,14.42,1.33,0.95,23.57,3654.35845534878,89.262,168109.03
Lesotho,2010,0.94,0.22,0.28,6.21,1119.47557793042,24.798,8363.78
Lesotho,2011,1.22,0.33,0.45,6.57,1280.73390931581,25.31,9834.17
Lesotho,2012,2.66,0.35,0.46,6.9,1217.93071228944,25.704,10163.84
Lesotho,2013,2.12,1.26,1.85,7.03,1151.03735837227,26.101,9552.13
Lesotho,2014,3.92,0.66,5.22,10.46,1173.5377928819,26.502,11108.45
Lesotho,2015,2.92,0.64,4.95,9.43,1121.19851342518,26.908,10781.33
Lesotho,2016,3.23,0.5,5.17,7.47,992.491840678465,27.317,10698.21
Lesotho,2017,3.99,0.67,4.71,6.19,1069.36673247542,27.73,9345.81
Lesotho,2018,2.64,1.4,4.57,8.45,1170.65569702819,28.153,9153.27
Lesotho,2019,1.6,0.34,3.83,0.9,1082.05706777516,28.585,8616.73
Lesotho,2020,1.97,0.49,4.36,1.69,918.582577421982,29.028,9510.72
Lesotho,2021,2.16,0.44,4.37,1.26,1066.58643600093,29.48,8610.21
Lesotho,2022,2.04,0.51,5.06,1.02,1030.12579628833,29.943,8817.5
Liberia,2010,0.61,0.47,2.84,5.63,492.252808033724,47.813,30657.3
Liberia,2011,0.77,0.48,3.44,7.73,568.087865520004,48.193,32498.0
Liberia,2012,0.76,0.48,3.63,7.96,638.368751462083,48.583,33252.58
Liberia,2013,0.71,0.46,3.57,8.56,710.744570927863,48.985,32997.79
Liberia,2014,0.93,0.48,5.63,10.36,706.714490064507,49.397,33318.79
Liberia,2015,1.05,0.51,5.1,11.15,692.590082351257,49.82,33686.36
Liberia,2016,0.89,0.46,5.4,11.61,714.613063145659,50.254,33538.02
Liberia,2017,0.68,0.46,5.36,13.07,699.269095727404,50.697,33688.69
Liberia,2018,0.72,0.45,4.62,11.24,692.203127129794,51.151,33834.37
Liberia,2019,0.61,0.45,5.05,10.65,658.164180770507,51.615,33960.71
Liberia,2020,0.5,0.4,4.93,11.04,616.787867006715,52.089,35193.72
Liberia,2021,0.7,0.4,4.73,12.41,667.96610514319,52.573,35460.25
Liberia,2022,0.54,0.39,4.87,12.99,744.617175237387,53.065,35680.2
Libya,2010,5.83,7.15,0.0,18.31,11600.9068649472,78.052,182500.0
Libya,2011,2.75,7.52,0.0,23.65,7593.8391525702,78.277,181505.0
Libya,2012,6.17,8.3,0.0,21.23,14975.8902795144,78.512,183355.0
Libya,2013,5.49,7.35,0.01,20.92,11951.7134126011,78.756,184610.98
Libya,2014,5.23,7.65,0.03,33.55,8926.42074591474,79.009,178111.98
Libya,2015,3.69,7.35,0.02,33.76,7458.48917756374,79.27,174623.14
Libya,2016,2.91,7.41,0.01,30.85,7525.80299308216,79.54,174765.27
Libya,2017,2.9,7.33,0.02,28.95,9965.83236729757,79.817,174097.4
Libya,2018,3.03,7.27,0.0,38.66,11196.5854810844,80.102,179443.7
Libya,2019,3.05,6.69,0.06,31.1,9963.19489084483,80.393,180680.88
Libya,2020,3.6,6.35,0.0,33.46,6650.33810585348,80.691,183765.81
Libya,2021,4.6,6.05,0.08,38.93,4935.82787349801,80.994,180772.61
Libya,2022,3.98,6.0,0.05,34.61,5986.63694851258,81.302,181547.56
Lithuania,2010,3.78,0.22,44.72,22.66,11829.122609457,66.757,196625.0
Lithuania,2011,3.45,0.21,44.01,22.95,14261.8433787325,66.741,198871.0
Lithuania,2012,3.46,0.21,44.17,24.63,14288.1853493139,66.864,207397.0
Lithuania,2013,4.39,0.24,45.38,26.75,15636.5252586048,66.986,219148.0
Lithuania,2014,3.95,0.22,46.51,25.94,16446.1647181663,67.108,226506.9
Lithuania,2015,3.87,0.19,47.86,26.37,14269.8039878287,67.23,242169.1
Lithuania,2016,4.38,0.18,45.67,26.89,14934.2702840428,67.366,231356.81
Lithuania,2017,4.79,0.19,46.53,27.64,16800.1510246099,67.516,249207.05
Lithuania,2018,5.46,0.37,47.63,28.32,19247.2315367967,67.679,223421.0
Lithuania,2019,5.46,0.44,46.67,29.17,19608.7943945553,67.855,223179.67
Lithuania,2021,5.77,0.42,50.54,25.55,23870.4594851722,68.249,213353.62
Luxembourg,2010,30.91,1.71,41.66,18.72,110885.991378721,88.547,19884.18
Luxembourg,2011,30.56,1.95,38.3,22.55,119025.057203467,88.906,19530.2
Luxembourg,2012,31.13,1.9,38.28,19.57,112584.676270958,89.249,19898.65
Luxembourg,2013,30.39,1.63,38.84,19.99,120000.140729859,89.574,19835.5
Luxembourg,2014,28.02,1.86,37.09,18.86,123678.702143275,89.884,21486.25
Luxembourg,2015,26.4,1.86,36.6,19.98,105462.012584423,90.179,22439.05
Luxembourg,2016,27.71,1.56,36.9,19.6,106899.293549552,90.46,24253.85
Luxembourg,2017,26.54,1.33,36.18,18.81,110193.213797228,90.727,23339.15
Luxembourg,2018,27.3,1.3,36.71,19.42,116926.759593905,90.981,22962.3
Luxembourg,2019,29.09,1.18,34.14,19.27,112696.649059674,91.223,23290.99
Luxembourg,2020,28.73,1.13,35.68,18.54,116860.02817236,91.453,22910.79
Luxembourg,2021,30.68,1.11,34.35,18.83,134965.815442152,91.672,23221.89
Luxembourg,2022,30.73,1.09,33.17,19.84,123719.658915996,91.881,22737.01
Madagascar,2010,1.96,0.57,1.1,3.24,450.009391645726,31.938,149522.8
Madagascar,2011,1.9,0.57,1.08,3.22,506.163691559309,32.58,151095.02
Madagascar,2012,1.84,0.57,1.07,3.18,493.511162904211,33.227,152087.53
Madagascar,2013,1.81,0.56,1.03,3.07,515.301589361832,33.878,150735.38
Madagascar,2014,1.74,0.53,1.0,3.02,505.684922503435,34.534,153223.98
Madagascar,2015,1.72,0.55,1.0,3.15,445.320069480568,35.193,160238.27
Madagascar,2016,1.69,0.54,1.0,3.29,453.970714522463,35.856,166473.08
Madagascar,2017,1.64,0.53,0.98,3.21,491.866848718929,36.522,165145.6
Madagascar,2018,1.38,0.52,0.98,3.15,500.45718552916,37.191,160823.55
Madagascar,2019,1.36,0.17,0.98,3.11,499.818837622534,37.861,162625.81
Madagascar,2020,1.2,0.16,0.95,3.08,450.771615201509,38.534,159181.84
Madagascar,2021,1.19,0.16,0.92,3.05,483.469463351371,39.207,155732.64
Madagascar,2022,1.13,0.15,0.9,3.03,503.514533472879,39.882,154423.0
Malawi,2010,2.2,1.69,2.16,1.62,683.124694716799,15.544,112344.0
Malawi,2011,2.25,1.92,2.92,3.69,763.061000394572,15.672,162922.0
Malawi,2012,2.3,1.99,4.28,4.78,558.46208832772,15.812,207475.05
Malawi,2013,1.92,2.1,4.46,4.56,496.947368267313,15.966,238939.0
Malawi,2014,2.56,2.27,6.24,4.72,529.5133440206,16.132,265334.0
Malawi,2015,2.58,2.43,7.52,5.82,539.605363240686,16.313,309727.0
Malawi,2016,2.57,2.65,9.37,4.73,450.506105510719,16.506,325654.0
Malawi,2017,2.62,2.7,10.49,7.28,495.769683367165,16.714,411687.0
Malawi,2018,2.64,2.9,10.35,10.4,533.203173686705,16.937,561944.0
Malawi,2019,2.93,2.7,14.32,5.59,580.889816066776,17.174,482684.56
Malawi,2020,2.92,3.09,18.07,5.36,602.507478176106,17.427,585019.7
Malawi,2021,3.06,3.26,15.64,7.22,617.447520802454,17.695,566141.75
Malawi,2022,3.21,3.52,16.89,7.21,604.269751184515,17.98,610817.2
Malaysia,2010,6.63,0.85,8.69,44.7,8899.34505544675,70.912,1546663.5
Malaysia,2011,7.1,0.72,7.89,45.53,10217.1068585031,71.609,1574450.5
Malaysia,2012,7.29,0.85,7.64,47.11,10600.5744240026,72.275,1649124.8
Malaysia,2013,7.89,1.0,7.61,49.01,10713.6407638899,72.93,1732076.4
Malaysia,2014,7.91,1.17,7.63,52.13,11013.3107334403,73.577,1847965.5
Malaysia,2015,8.6,1.24,7.92,53.34,9648.6797937523,74.213,1911075.0
Malaysia,2016,8.04,1.22,7.1,56.69,9476.53409809923,74.84,2003544.8
Malaysia,2017,7.64,1.35,7.69,52.88,9862.54806612235,75.447,1933966.0
Malaysia,2018,7.77,1.25,7.93,51.86,10901.8019954421,76.036,1929101.1
Malaysia,2019,7.38,1.08,7.6,51.31,10920.191763972,76.607,1926453.0
Malaysia,2020,7.62,1.26,7.24,52.15,9957.52626697613,77.16,1968841.2
Malaysia,2021,7.25,0.98,6.6,50.48,10903.1116425938,77.696,1890847.6
Malaysia,2022,8.91,1.38,7.44,53.06,11748.0919307944,78.214,1832988.8
Maldives,2010,6.1,0.63,0.91,12.67,7173.59601844692,36.434,837.55
Maldives,2011,7.02,0.66,0.95,13.04,7424.520410971,36.849,840.0
Maldives,2012,7.04,0.66,0.96,13.04,7461.29703686309,37.267,840.0
Maldives,2013,8.6,0.67,0.92,13.59,8236.08177944126,37.685,840.0
Maldives,2014,7.37,0.73,1.0,13.84,8939.07416571472,38.106,845.36
Maldives,2015,10.4,0.92,0.89,14.76,9644.90655028145,38.529,862.4
Maldives,2016,8.65,3.04,0.92,16.6,9947.80744731739,38.954,869.45
Maldives,2017,8.33,1.53,1.0,15.24,10509.628805812,39.38,869.35
Maldives,2018,9.77,1.18,0.97,15.46,11423.2838427029,39.808,863.63
Maldives,2019,9.41,1.11,1.14,15.5,11740.2724029785,40.238,858.53
Maldives,2020,7.7,0.72,0.44,14.61,7393.8886543933,40.669,860.44
Maldives,2021,11.72,1.3,0.7,17.97,10176.143882547,41.102,864.31
Maldives,2022,13.83,1.77,0.83,21.8,11786.0091545343,41.536,865.89
Mali,2010,9.27,7.63,0.17,2.73,827.617660082715,35.999,117112.05
Mali,2011,9.34,7.8,0.17,2.62,941.574944706639,36.799,119952.0
Mali,2012,10.24,7.61,0.16,2.58,878.217175344858,37.599,120651.31
Mali,2013,9.45,7.61,0.14,2.73,903.190452512378,38.398,119243.0
Mali,2014,9.21,7.58,0.16,2.73,940.243260037952,39.196,115929.99
Mali,2015,8.89,7.49,0.12,2.48,838.11986940103,39.991,129997.48
Mali,2016,9.42,7.68,0.13,2.97,872.468587171653,40.783,149798.31
Mali,2017,9.46,8.12,0.14,2.83,924.057531692284,41.572,145993.9
Mali,2018,9.25,8.02,0.14,2.28,996.379292136901,42.356,141826.6
Mali,2019,4.18,2.46,0.07,2.34,971.949318638092,43.136,147237.62
Mali,2020,3.39,1.0,0.05,2.67,953.242943290974,43.909,179716.48
Mali,2021,2.59,0.88,0.07,2.54,1027.27345365357,44.677,166154.3
Mali,2022,2.72,0.84,0.06,2.55,969.72220560562,45.437,179776.23
Malta,2010,19.49,1.35,31.74,22.94,21946.6070188242,94.072,13699.0
Malta,2011,19.43,1.35,30.96,22.48,23516.9691282762,94.141,12946.0
Malta,2012,19.32,1.35,29.81,22.59,22878.3131257656,94.211,11390.22
Malta,2013,19.31,1.35,30.5,22.83,25415.5566806942,94.279,11542.27
Malta,2014,24.92,2.03,36.74,24.08,27424.5765369278,94.347,11526.54
Malta,2015,20.31,1.1,30.42,23.73,25529.6813131565,94.414,10712.68
Malta,2016,18.68,1.19,27.58,23.73,26459.0772054811,94.48,10248.37
Malta,2017,19.48,1.24,30.18,23.13,30317.2443357939,94.546,9705.68
Malta,2018,18.04,1.16,28.08,23.34,33382.2677502638,94.612,9528.31
Malta,2019,18.41,0.96,23.29,22.84,32421.9179753188,94.678,9669.76
Malta,2020,23.46,0.87,24.17,25.45,31833.596382464,94.744,10089.22
Malta,2021,17.37,0.95,24.87,24.25,38065.354346575,94.81,10062.07
Malta,2022,17.72,0.83,22.19,24.01,36224.2819955817,94.875,9935.18
Mauritania,2010,7.59,12.81,,4.75,1659.96369705455,46.588,100095.11
Mauritania,2011,7.67,12.84,0.0,4.81,1931.19975525465,47.493,103064.0
Mauritania,2012,7.29,12.25,,4.96,1859.11733247641,48.4,106842.0
Mauritania,2013,7.07,12.58,0.02,5.1,1934.24103064714,49.306,110123.38
Mauritania,2014,7.24,13.07,,5.28,1713.00865264234,50.203,108142.54
Mauritania,2015,7.26,13.12,0.0,5.31,1554.94897871782,51.089,117395.91
Mauritania,2016,7.18,12.97,0.0,5.31,1565.76575722696,51.962,118525.25
Mauritania,2017,7.23,13.08,,5.29,1615.00401327323,52.824,116877.66
Mauritania,2018,7.23,13.02,,5.3,1722.93528854073,53.672,118585.81
Mauritania,2019,6.63,12.64,,6.27,1767.072710621,54.507,120836.71
Mauritania,2020,6.92,12.73,,6.07,1795.76459566714,55.327,125109.36
Mauritania,2021,6.83,12.7,,7.26,1947.78918383313,56.133,127047.13
Mauritania,2022,7.03,12.42,,7.81,1960.35240077424,56.923,129302.47
Mauritius,2010,6.09,3.72,2.48,35.65,8000.37643182154,41.555,50678.16
Mauritius,2011,6.44,3.78,3.04,35.93,9197.04299089459,41.444,51559.97
Mauritius,2012,6.13,3.85,3.67,37.08,9291.23627601053,41.332,51485.54
Mauritius,2013,6.12,3.84,3.76,37.99,9764.64413060045,41.222,50532.86
Mauritius,2014,6.37,3.93,3.34,37.78,10366.3550754936,41.111,51155.72
Mauritius,2015,6.7,3.94,2.92,38.09,9507.87133656424,41.0,50058.78
Mauritius,2016,6.37,3.99,2.81,38.16,9965.72531085228,40.91,49106.82
Mauritius,2017,6.53,4.07,2.83,37.13,10841.6847754844,40.841,50738.02
Mauritius,2018,6.76,4.39,4.0,39.07,11643.4605962124,40.793,52302.04
Mauritius,2019,6.61,3.67,4.1,40.72,11403.2527870674,40.766,54318.14
Mauritius,2020,6.05,3.3,3.24,39.46,9011.04288445023,40.76,50717.35
Mauritius,2021,6.5,2.76,3.47,40.99,9068.97300226707,40.775,52285.69
Mauritius,2022,6.48,3.66,4.17,45.15,10223.7882316574,40.81,59165.22
Mexico,2010,17.08,0.94,16.51,32.02,9728.80078237782,77.815,5807672.0
Mexico,2011,16.77,0.91,16.26,32.16,10664.4944046282,78.111,5980144.0
Mexico,2012,15.92,0.92,16.55,32.36,10744.1335229686,78.405,6058345.0
Mexico,2013,15.99,0.92,16.56,32.38,11216.800851866,78.699,6101234.0
Mexico,2014,15.56,0.94,15.86,31.91,11391.3773510244,78.993,6200001.5
Mexico,2015,15.08,0.96,16.95,32.85,10021.2386124039,79.285,6330904.0
Mexico,2016,15.07,0.94,17.38,33.46,9097.92397674769,79.577,6531343.0
Mexico,2017,15.21,0.93,17.87,34.3,9649.27816772402,79.867,6777567.0
Mexico,2018,15.33,0.93,18.86,35.12,10084.7937553679,80.156,7018002.5
Mexico,2019,15.19,0.9,19.08,37.19,10369.5553585271,80.444,7301768.5
Mexico,2020,15.05,0.84,19.85,36.59,8841.2707511328,80.731,7511088.5
Mexico,2021,15.28,0.84,20.27,38.51,10314.0506725979,81.016,7692994.0
Mexico,2022,15.27,0.85,21.96,38.83,11402.1410374782,81.3,7889452.5
Mongolia,2010,14.8,46.47,0.19,1.78,2625.21881402433,67.567,203350.81
Mongolia,2011,17.0,41.55,0.17,2.09,3736.04201455077,67.963,209903.0
Mongolia,2012,19.26,39.92,0.24,2.29,4328.89001905655,68.03,221412.0
Mongolia,2013,18.29,49.05,0.44,2.54,4340.14310544449,68.097,250113.0
Mongolia,2014,17.02,45.39,0.46,2.7,4126.23975800524,68.163,243610.3
Mongolia,2015,19.64,55.32,0.29,2.73,3838.92126989984,68.23,373798.2
Mongolia,2016,23.28,49.36,0.3,2.74,3619.90026383792,68.297,334641.03
Mongolia,2017,21.91,53.69,0.39,2.79,3645.96708669551,68.363,354766.0
Mongolia,2018,24.79,51.49,1.13,3.86,4107.64288528468,68.445,430693.62
Mongolia,2019,24.72,64.33,1.02,4.35,4347.54610314873,68.543,457191.0
Mongolia,2020,29.53,66.91,1.34,4.35,4001.25193077703,68.657,625220.7
Mongolia,2021,30.64,64.93,2.91,6.11,4517.61578018785,68.785,429596.0
Mongolia,2022,30.2,68.45,2.72,7.1,4993.51487463495,68.93,554546.44
Montenegro,2010,13.03,1.98,49.21,14.14,6688.40259641346,64.14,8657.23
Montenegro,2011,11.31,1.99,45.01,14.31,7325.64689244715,64.472,11203.32
Montenegro,2012,11.79,2.09,52.54,14.45,6577.74033229273,64.804,10322.44
Montenegro,2013,12.45,2.45,50.82,14.78,7172.92908521143,65.137,7862.1
Montenegro,2014,12.67,2.28,45.59,14.8,7364.96590101549,65.471,8834.62
Montenegro,2015,12.8,1.92,51.15,15.16,6491.19280618646,65.806,8889.49
Montenegro,2016,13.12,2.27,53.93,15.54,6999.1358134109,66.141,12570.0
Montenegro,2017,13.48,2.38,52.62,15.98,7758.36921956034,66.477,10353.92
Montenegro,2018,14.57,2.36,53.69,16.71,8790.88152116679,66.813,9746.5
Montenegro,2019,15.04,2.37,49.29,15.84,8842.48528706869,67.15,11895.28
Montenegro,2020,15.21,1.95,49.85,15.45,7612.62845881291,67.488,12224.99
Montenegro,2021,12.24,1.68,54.53,15.75,9377.48879714989,67.826,9384.97
Montenegro,2022,14.01,1.68,53.47,19.22,9990.20444616996,68.164,9500.15
Morocco,2010,6.65,4.73,0.03,19.31,3067.9853515625,58.018,930335.5
Morocco,2011,6.75,4.8,0.03,19.6,3301.98876953125,58.581,974399.0
Morocco,2012,6.78,4.82,0.02,19.63,3164.17724609375,59.142,956854.2
Morocco,2013,6.85,4.87,0.0,19.85,3379.7431640625,59.7,964090.06
Morocco,2014,6.92,4.92,0.02,20.41,3435.40698242188,60.256,1012200.5
Morocco,2015,7.0,4.98,0.02,20.16,3146.24780273438,60.809,1115237.2
Morocco,2016,7.06,5.01,0.02,20.29,3140.85546875,61.36,1081848.9
Morocco,2017,7.17,5.08,0.02,20.54,3296.52661132813,61.908,1195532.8
Morocco,2018,7.1,5.02,0.02,20.32,3501.69799804688,62.453,1237532.0
Morocco,2019,8.1,5.27,0.02,23.35,3508.09765625,62.994,1303001.0
Morocco,2020,7.78,4.96,0.02,17.41,3268.0302734375,63.532,1204992.0
Morocco,2021,7.76,5.66,0.02,17.5,3785.93627929688,64.065,1209289.9
Morocco,2022,7.0,5.18,0.02,17.46,3455.39624023438,64.596,1180718.6
Mozambique,2010,0.68,0.11,4.28,2.24,496.185839392659,31.83,149811.83
Mozambique,2011,0.72,0.11,4.64,2.35,618.17649286789,32.336,163534.42
Mozambique,2012,0.55,0.12,4.82,2.55,685.685748199513,32.846,191542.06
Mozambique,2013,0.49,0.12,4.45,2.68,686.505672517351,33.36,201362.6
Mozambique,2014,0.65,0.12,4.63,3.19,697.142680444123,33.878,222846.77
Mozambique,2015,0.66,0.09,4.67,3.84,610.563774706589,34.4,204843.34
Mozambique,2016,0.71,0.08,4.27,3.79,441.489734819071,34.926,190874.89
Mozambique,2017,0.69,0.07,4.65,4.07,470.93856305196,35.455,234541.31
Mozambique,2018,0.62,0.07,3.8,4.29,517.507260258101,35.988,253056.62
Mozambique,2019,0.57,0.08,2.97,4.46,519.09255091362,36.528,226627.05
Mozambique,2020,0.61,0.08,3.59,4.84,462.433876479921,37.074,254861.55
Mozambique,2021,0.75,0.11,3.55,5.64,509.907829475551,37.628,294483.2
Mozambique,2022,0.71,0.12,4.33,5.89,578.251663751351,38.187,383732.03
Myanmar,2010,5.8,0.96,11.33,20.57,1010.53417343401,28.885,1990964.8
Myanmar,2011,6.05,1.09,11.87,21.15,1213.62898703376,29.075,2103314.8
Myanmar,2012,6.44,1.19,12.79,23.1,1202.6658960055,29.266,2302669.2
Myanmar,2013,6.83,1.31,13.99,25.02,1199.09561597055,29.457,2520128.5
Myanmar,2014,7.24,1.49,15.6,28.65,1293.00042298688,29.65,2792547.0
Myanmar,2015,7.81,1.72,16.27,30.69,1166.73305546337,29.858,3001604.0
Myanmar,2016,8.67,1.77,16.34,30.71,1229.19713515893,30.082,3076652.5
Myanmar,2017,8.49,1.77,16.83,31.78,1272.82241830603,30.322,3178815.8
Myanmar,2018,8.63,2.39,19.38,31.98,1298.21310320785,30.579,934119.06
Myanmar,2019,9.11,1.77,19.99,29.79,1425.98954211903,30.852,1025445.06
Myanmar,2020,2.6,0.21,5.03,12.31,1490.21683548367,31.141,1117379.9
Myanmar,2021,2.61,0.22,5.14,12.17,1242.72134419599,31.448,1139711.2
Myanmar,2022,2.66,0.22,5.11,12.09,1158.05005034332,31.771,1161850.6
Namibia,2010,10.0,5.36,3.42,7.15,5418.21633365814,41.616,77314.28
Namibia,2011,9.96,5.55,3.68,10.34,5834.7917675794,42.637,78140.0
Namibia,2012,4.54,2.01,3.88,17.94,5942.64680978673,43.693,79839.5
Namibia,2013,4.04,1.74,4.04,12.74,5346.62131149967,44.756,80577.57
Namibia,2014,5.88,2.94,4.13,12.5,5378.32326241205,45.826,77925.85
Namibia,2015,3.92,3.66,4.34,12.57,4774.10650865775,46.9,74972.73
Namibia,2016,4.65,3.75,4.38,11.85,4395.68776162376,47.961,74664.77
Namibia,2017,7.75,3.68,4.27,11.55,5143.96072323076,49.005,77297.86
Namibia,2018,8.9,4.94,3.69,9.98,5308.60813408705,50.032,73846.86
Namibia,2019,3.06,4.05,4.61,9.02,4731.9210318831,51.042,73064.52
Namibia,2020,9.28,4.23,4.67,10.19,3878.58982993966,52.033,66339.49
Namibia,2021,5.43,3.92,5.98,9.85,4412.8355693052,53.005,65147.85
Namibia,2022,5.24,3.87,4.67,9.46,4349.79908493314,53.956,73490.88
Nauru,2019,30.47,6.67,29.75,50.16,10776.8284610316,100.0,77.79
Nauru,2020,26.08,5.9,28.11,52.66,10695.6993301601,100.0,78.29
Nauru,2021,29.82,5.36,38.2,58.74,14989.6647450751,100.0,78.2
Nauru,2022,20.86,5.04,31.73,46.87,12896.4341046481,100.0,78.28
Nepal,2010,7.81,1.93,0.63,0.62,585.278491984574,16.768,248573.0
Nepal,2011,7.9,2.04,0.66,1.34,785.518656222132,17.108,277625.0
Nepal,2012,7.88,2.07,0.66,1.5,788.202937148377,17.458,287930.0
Nepal,2013,8.0,2.13,0.68,1.58,803.269595420477,17.815,295167.0
Nepal,2014,7.85,2.25,0.67,1.58,821.455224911731,18.182,298244.0
Nepal,2015,7.96,2.3,0.71,1.66,875.543635474862,18.557,303401.0
Nepal,2016,7.84,2.45,0.85,1.99,877.256454696737,18.942,322059.0
Nepal,2017,7.89,2.5,0.87,2.04,1034.28374906846,19.336,332544.0
Nepal,2018,8.05,2.58,0.99,2.13,1179.19843190389,19.74,347352.0
Nepal,2019,9.75,3.06,1.05,2.49,1203.14294706401,20.153,357081.0
Nepal,2020,6.46,2.65,1.01,8.7,1154.21517578318,20.576,552156.0
Nepal,2021,6.27,2.45,1.05,7.57,1252.75076731986,21.008,520742.0
Nepal,2022,6.36,2.52,1.18,6.73,1385.91066274851,21.451,512789.0
New Caledonia,2010,21.97,2.69,15.58,36.78,35798.9084757829,67.102,6492.0
New Caledonia,2011,23.6,1.96,16.01,37.51,38835.9401851385,67.565,6615.0
New Caledonia,2012,23.62,1.71,17.1,37.46,35559.5672006157,68.024,6779.0
New Caledonia,2013,23.23,1.46,16.76,36.78,36671.1566752621,68.479,6761.0
New Caledonia,2014,21.81,1.86,15.59,37.73,37816.9558599295,68.931,7178.0
New Caledonia,2015,20.27,0.79,15.36,36.96,30858.7237060533,69.379,8650.0
New Caledonia,2016,23.23,1.82,16.66,36.41,30782.8544433514,69.821,6763.0
New Caledonia,2017,22.68,1.83,16.68,36.01,32354.7102832901,70.256,6719.0
New Caledonia,2018,23.41,1.68,18.69,35.05,34902.8968780031,70.683,6568.5
New Caledonia,2019,22.82,1.54,18.94,37.27,33411.3358835672,71.104,6647.27
New Caledonia,2020,21.23,1.29,19.7,42.65,33270.330597637,71.518,6850.0
New Caledonia,2021,21.57,1.27,25.1,35.67,35311.5543551452,71.925,6865.9
New Caledonia,2022,21.56,1.33,21.89,36.57,33516.363085906,72.325,6902.81
New Zealand,2010,21.01,24.02,21.83,23.08,33761.9009639947,86.16,1331925.4
New Zealand,2011,21.2,20.67,19.43,24.14,38431.7766788499,86.1,1299984.8
New Zealand,2012,20.26,24.99,22.81,26.26,40053.6991536369,86.161,1312469.9
New Zealand,2013,23.29,19.39,22.57,24.91,43000.4646849189,86.221,1354905.5
New Zealand,2014,19.37,17.05,24.19,28.43,44618.266973847,86.281,1381255.2
New Zealand,2015,16.67,16.09,25.86,27.44,38665.3723018158,86.341,1430711.9
New Zealand,2016,25.28,20.91,26.13,26.5,40113.7195382428,86.4,1440570.6
New Zealand,2017,21.5,12.51,25.9,25.87,42950.3841711138,86.466,1391561.9
New Zealand,2018,20.73,13.78,26.65,25.0,43257.0769238879,86.538,1459611.1
New Zealand,2019,17.61,12.54,26.8,27.37,42779.2298164101,86.615,1464392.5
New Zealand,2020,17.74,12.32,23.51,24.77,41850.92032802,86.699,1479633.0
New Zealand,2021,19.07,9.7,27.37,26.09,49689.498134519,86.789,1495726.1
New Zealand,2022,21.36,12.96,24.23,25.78,48760.0381935936,86.884,1457178.5
Nicaragua,2010,3.08,0.01,2.8,16.96,1526.56706951408,56.917,233543.38
Nicaragua,2011,2.42,0.01,3.1,17.79,1679.71192084633,57.113,239038.56
Nicaragua,2012,2.51,0.01,3.41,18.7,1784.69836017555,57.309,214049.56
Nicaragua,2013,3.24,0.01,3.56,19.32,1835.43996363715,57.505,255951.25
Nicaragua,2014,4.59,0.01,3.74,21.36,1958.37047579547,57.7,262111.48
Nicaragua,2015,3.17,0.01,4.43,20.03,2074.45620634731,57.895,256902.9
Nicaragua,2016,1.51,0.01,4.96,20.65,2131.68704828322,58.09,264795.34
Nicaragua,2017,3.55,0.01,5.07,21.28,2182.61380995674,58.299,304792.97
Nicaragua,2018,1.66,0.01,5.06,20.15,2035.16549390507,58.522,291262.75
Nicaragua,2019,2.4,0.01,5.29,20.17,1958.62051528095,58.76,303298.06
Nicaragua,2020,1.92,0.01,5.37,22.2,1938.44704754382,59.012,308656.12
Nicaragua,2021,2.31,0.01,6.12,22.77,2138.38588469449,59.277,326870.38
Nicaragua,2022,2.63,0.01,5.89,23.7,2322.89053964583,59.556,323069.7
Niger,2010,3.62,2.23,0.09,0.92,474.425692340831,16.221,158647.67
Niger,2011,3.18,2.25,0.09,0.91,510.75956176268,16.216,158222.0
Niger,2012,3.3,2.31,0.08,1.0,528.510104469655,16.212,168679.92
Niger,2013,3.27,2.19,0.08,1.02,552.103334363117,16.208,149286.88
Niger,2014,4.47,2.43,0.08,1.04,565.30989731175,16.219,155857.1
Niger,2015,2.93,2.3,0.08,1.06,485.662574175279,16.247,175134.05
Niger,2016,2.82,2.21,0.08,1.07,502.706475406446,16.29,174652.22
Niger,2017,2.75,2.24,0.07,1.06,521.804130023434,16.35,181732.1
Niger,2018,2.99,2.1,0.07,1.08,578.568035680892,16.425,183448.83
Niger,2019,2.46,2.11,0.07,1.16,561.691304349698,16.517,181325.25
Niger,2020,2.77,2.24,0.06,0.97,579.512495758236,16.626,193721.06
Niger,2021,2.58,1.96,0.06,0.88,608.722439593808,16.751,196429.06
Niger,2022,2.49,1.84,0.06,0.86,609.745147661683,16.894,196928.67
Nigeria,2010,1.91,2.85,1.46,1.5,2202.25672957344,43.48,1399115.5
Nigeria,2011,2.12,2.37,1.47,1.18,2418.41316975875,44.366,1336200.8
Nigeria,2012,1.7,2.13,1.47,1.19,2633.19734671361,45.246,1271010.1
Nigeria,2013,2.17,2.21,1.47,1.22,2872.79083379398,46.118,1364883.0
Nigeria,2014,2.2,2.67,1.54,1.41,3088.72131316169,46.982,1382009.0
Nigeria,2015,2.2,2.14,1.54,1.14,2585.73360671797,47.838,1423916.8
Nigeria,2016,1.85,2.14,1.5,1.27,2070.4127339595,48.683,1391436.6
Nigeria,2017,1.56,2.14,1.54,1.41,1876.34027111773,49.519,1435985.0
Nigeria,2018,1.61,2.14,1.53,1.4,2057.87944554011,50.344,1499469.9
Nigeria,2019,1.62,2.08,1.51,1.24,2265.15520863056,51.157,1549420.4
Nigeria,2020,1.61,1.97,1.49,1.16,2019.65706326224,51.958,1586032.6
Nigeria,2021,1.55,1.99,1.7,1.61,2017.27486481527,52.746,1622799.0
Nigeria,2022,1.52,1.95,1.7,1.63,2139.37478476974,53.521,1644075.0
North Macedonia,2010,9.01,1.0,9.08,17.23,4833.36586759968,57.089,23336.0
North Macedonia,2011,8.32,1.57,8.28,16.64,5416.86672931659,57.092,21632.0
North Macedonia,2012,7.6,1.43,9.67,18.38,5049.8265386157,57.125,23124.0
North Macedonia,2013,7.98,0.95,9.58,18.41,5626.26115664893,57.189,20856.0
North Macedonia,2014,7.96,1.1,9.91,17.72,5925.38592218015,57.284,22146.0
North Macedonia,2015,7.95,0.77,10.24,18.56,5262.68671928674,57.408,21410.0
North Macedonia,2016,7.6,0.57,11.27,17.77,5598.48622617967,57.563,21994.0
North Macedonia,2017,7.62,0.55,11.27,19.61,5955.2973863451,57.748,22879.0
North Macedonia,2018,8.07,0.66,11.07,19.55,6713.98925398989,57.963,22255.0
North Macedonia,2019,8.75,0.69,12.28,19.85,6718.85826635458,58.208,22349.0
North Macedonia,2020,7.39,0.61,12.06,19.86,6659.59651070776,58.482,23493.0
North Macedonia,2021,8.69,0.18,15.44,18.48,7620.80296977508,58.786,24584.0
North Macedonia,2022,8.65,0.8,14.48,18.01,7606.2375253797,59.118,23842.0
Norway,2010,18.72,5.14,24.96,20.05,88163.2085931423,79.102,341446.0
Norway,2011,19.07,5.13,25.38,20.03,101221.813476644,79.455,340285.0
Norway,2012,19.55,5.16,23.31,20.2,102175.919298374,79.874,333443.0
Norway,2013,19.68,5.16,22.81,20.21,103553.840134417,80.286,348726.0
Norway,2014,16.87,5.19,22.84,20.44,97666.6951838749,80.692,347136.0
Norway,2015,18.79,5.21,23.52,20.44,74809.9658049898,81.091,341472.0
Norway,2016,18.81,5.22,23.48,20.41,70867.3609970749,81.485,352832.0
Norway,2017,18.23,5.25,22.89,20.76,76131.8384032764,81.871,359628.0
Norway,2018,17.9,5.26,25.83,20.67,82792.8427113304,82.248,360497.0
Norway,2019,17.32,4.57,24.81,20.22,76430.5889473338,82.616,359399.0
Norway,2020,17.95,4.63,25.72,20.08,68340.0181033702,82.974,356941.0
Norway,2021,19.2,4.72,27.63,21.74,93072.8925119571,83.323,371067.0
Norway,2022,18.7,4.52,25.79,21.51,109269.520580298,83.664,372779.0
Oman,2010,12.53,14.48,0.01,25.49,23570.1798147325,75.161,62984.0
Oman,2011,12.03,13.54,0.01,24.54,25188.0074151885,76.183,64430.0
Oman,2012,13.53,12.55,0.01,26.57,24642.2978768596,77.564,65840.0
Oman,2013,14.47,12.19,0.01,26.16,23458.0233840053,78.882,87605.0
Oman,2014,12.78,12.73,0.01,24.4,23160.6502252547,80.145,82011.57
Oman,2015,10.4,12.23,0.01,22.98,18808.3077921839,81.35,75662.68
Oman,2016,8.93,12.1,0.01,21.44,17110.1897460545,82.5,81590.38
Oman,2017,9.48,11.97,0.01,22.25,17820.0661809335,83.56,83258.52
Oman,2018,9.53,12.09,0.15,21.75,19901.7615642016,84.539,78935.6
Oman,2019,9.14,12.05,0.24,25.48,19180.1864152801,85.443,84610.5
Oman,2020,8.75,11.84,0.05,19.88,16784.8630630058,86.276,86365.67
Oman,2021,11.27,12.7,0.0,22.55,19403.4600160211,87.044,87623.46
Oman,2022,9.69,12.0,0.5,19.08,23223.5829405935,87.75,89781.26
Pakistan,2010,7.53,2.14,0.0,3.66,987.304571124485,34.997,2981910.2
Pakistan,2011,7.62,2.15,0.0,3.88,1131.73513834324,35.202,3132940.0
Pakistan,2012,7.68,2.16,0.0,4.14,1204.36475491585,35.408,3254940.0
Pakistan,2013,7.82,2.19,0.0,4.44,1225.4340119198,35.613,3407558.5
Pakistan,2014,7.91,2.21,0.0,4.75,1266.61340849959,35.819,3559655.2
Pakistan,2015,8.02,2.23,0.0,5.11,1380.47020838317,36.026,3723863.8
Pakistan,2016,8.25,2.27,0.0,5.5,1424.69161195897,36.234,3900991.8
Pakistan,2017,9.39,3.22,0.0,5.91,1519.23459514248,36.442,4090237.8
Pakistan,2018,9.56,3.24,0.0,6.33,1569.33814626355,36.666,4291522.0
Pakistan,2019,9.65,3.24,0.0,6.8,1390.41690981745,36.907,4505785.5
Pakistan,2020,9.44,2.43,0.0,5.9,1278.39735206896,37.165,4737114.0
Pakistan,2021,9.94,2.46,0.0,7.81,1455.31922370186,37.44,4836220.0
Pakistan,2022,10.07,2.49,,8.4,1538.3228133171,37.731,5095416.0
Panama,2010,20.23,0.01,11.06,28.78,8331.46421351868,65.14,234683.0
Panama,2011,21.14,0.01,11.6,29.76,9662.29592216607,65.437,254372.0
Panama,2012,22.04,0.02,12.17,30.68,11064.8063606203,65.741,270771.0
Panama,2013,20.64,0.01,12.34,31.31,12273.3225037637,66.052,275310.0
Panama,2014,21.03,0.01,12.35,32.08,13213.1989637473,66.371,286620.0
Panama,2015,19.68,0.01,12.82,32.62,14082.6548502728,66.696,296739.0
Panama,2016,18.12,0.01,14.24,33.17,14832.3611608191,67.027,302119.0
Panama,2017,16.65,0.01,13.92,33.81,15694.6297454295,67.365,308643.0
Panama,2018,16.24,0.01,14.19,54.18,16151.3273478476,67.709,323734.0
Panama,2019,16.5,0.03,16.67,56.46,16477.9066285687,68.059,309589.0
Panama,2020,13.96,0.01,10.52,52.53,13290.5608347594,68.414,281289.0
Panama,2021,15.64,0.01,12.48,49.23,15509.8069109784,68.775,304960.0
Panama,2022,15.44,0.01,12.01,50.68,17332.4360742988,69.141,333675.12
Papua New Guinea,2010,1.87,2.16,10.47,2.29,1866.86889851208,13.019,443194.3
Papua New Guinea,2011,1.83,2.17,10.76,2.43,2288.37591141234,13.0,465305.9
Papua New Guinea,2012,1.55,2.23,10.5,2.69,2635.0873631547,12.982,466545.9
Papua New Guinea,2013,1.26,2.22,10.05,2.61,2560.77458976327,12.978,473014.66
Papua New Guinea,2014,1.11,1.96,9.91,3.24,2723.17529825196,12.988,480448.2
Papua New Guinea,2015,0.97,2.47,9.82,2.65,2484.5963398603,13.012,492732.7
Papua New Guinea,2016,0.85,2.34,9.86,2.96,2316.39479758492,13.05,497815.2
Papua New Guinea,2017,0.89,1.56,9.94,3.36,2477.76530986323,13.102,502108.88
Papua New Guinea,2018,0.88,1.46,9.64,2.94,2566.36833735041,13.169,507708.62
Papua New Guinea,2019,0.83,1.5,9.42,3.86,2575.77274140393,13.25,513972.88
Papua New Guinea,2020,0.9,1.36,9.12,3.13,2429.61134585269,13.345,513065.3
Papua New Guinea,2021,0.84,1.43,9.01,2.98,2607.57861874444,13.456,519924.66
Papua New Guinea,2022,0.92,2.4,8.85,3.52,3102.28968594061,13.582,527314.44
Paraguay,2010,13.06,0.62,5.67,6.21,4750.96273669322,59.261,418065.7
Paraguay,2011,19.52,0.63,5.88,6.92,5805.40154543044,59.584,425186.1
Paraguay,2012,11.07,0.63,5.85,7.04,5642.1699167298,59.907,381302.88
Paraguay,2013,24.15,0.63,5.98,7.2,6435.68342733182,60.197,465680.5
Paraguay,2014,16.22,0.67,5.27,9.86,6652.25478942291,60.474,563520.75
Paraguay,2015,14.18,0.59,5.55,10.45,5879.33792308671,60.75,548458.2
Paraguay,2016,15.98,0.66,6.91,10.38,5775.1596339946,61.026,584052.8
Paraguay,2017,27.54,0.39,7.53,10.2,6152.26711537703,61.3,651868.4
Paraguay,2018,24.27,0.4,8.61,10.77,6258.44991640954,61.585,625366.5
Paraguay,2019,23.23,0.38,8.61,11.01,5821.18199548637,61.879,620562.56
Paraguay,2020,23.57,0.39,9.55,10.81,5365.47220721191,62.183,660540.7
Paraguay,2021,14.72,0.38,9.86,10.72,5976.9317978996,62.496,671415.06
Paraguay,2022,10.63,0.39,10.41,10.44,6205.6259537937,62.818,666464.7
Peru,2010,4.29,0.93,3.47,27.91,5072.11494019615,76.43,1386110.5
Peru,2011,4.41,0.93,3.48,29.87,5861.35793645245,76.617,1485473.6
Peru,2012,4.55,0.95,3.63,32.51,6519.37852981527,76.804,1602419.8
Peru,2013,4.71,0.94,3.78,33.47,6746.80025696601,76.989,1657222.4
Peru,2014,4.71,0.92,3.99,34.62,6667.13410360861,77.173,1731014.1
Peru,2015,4.66,0.89,4.25,34.67,6231.71150338894,77.357,1748662.8
Peru,2016,4.51,0.87,4.34,36.64,6217.03599995447,77.539,1828749.9
Peru,2017,4.36,0.84,4.55,37.85,6736.16693725487,77.72,1891846.2
Peru,2018,4.35,0.81,4.61,40.3,6978.49121548627,77.907,2014302.1
Peru,2019,4.39,0.8,4.77,43.8,7037.00803692604,78.099,2209477.8
Peru,2020,4.19,0.76,4.52,42.26,6133.32552410183,78.297,2156111.0
Peru,2021,4.24,0.77,4.7,43.15,6826.20255614477,78.5,2197820.8
Peru,2022,4.2,0.76,4.75,43.44,7350.63034300417,78.708,2256548.8
Philippines,2010,4.61,0.59,18.17,11.08,2162.91375885614,45.332,2906247.5
Philippines,2011,4.4,0.52,17.95,11.18,2383.91892522087,45.522,2965262.5
Philippines,2012,4.12,0.52,17.84,11.39,2614.61644401308,45.712,3077156.5
Philippines,2013,4.02,0.55,17.99,11.59,2781.27957677397,45.903,3168814.5
Philippines,2014,4.41,0.52,17.68,12.68,2866.83803761407,46.093,3215916.8
Philippines,2015,4.32,0.52,18.17,13.15,2909.85818010301,46.284,3376236.5
Philippines,2016,4.52,0.52,18.89,13.9,2985.19564024046,46.475,3380955.5
Philippines,2017,4.64,0.53,18.65,14.0,3038.12124959289,46.682,3278653.8
Philippines,2018,4.59,0.52,18.86,15.01,3168.51036609727,46.907,3318395.2
Philippines,2019,3.52,0.31,15.79,16.74,3400.78949767074,47.149,3368936.8
Philippines,2020,3.02,0.27,14.24,16.24,3227.57910235199,47.408,3142253.0
Philippines,2021,3.64,0.29,13.75,15.3,3484.38593882819,47.684,2787978.5
Philippines,2022,3.79,0.27,15.11,15.73,3548.06930572116,47.977,2907794.5
Poland,2010,2.69,0.03,52.61,26.42,12567.7317676382,60.892,3583600.0
Poland,2011,2.72,0.04,53.07,26.53,13867.6669408192,60.78,3652570.0
Poland,2012,3.5,0.05,49.11,28.16,13087.420943321,60.654,3845687.2
Poland,2013,2.88,0.03,45.94,29.16,13621.9023794031,60.529,3879742.0
Poland,2014,0.26,0.03,50.28,27.19,14262.2841914116,60.403,4000180.8
Poland,2015,0.38,0.03,53.52,30.24,12637.5220324406,60.278,4167208.0
Poland,2016,0.45,0.03,53.43,33.31,12464.0121044827,60.178,4261392.5
Poland,2017,0.19,0.03,53.98,33.03,13913.3415190124,60.105,4318921.0
Poland,2018,0.79,0.03,57.5,29.96,15658.210586693,60.058,5222634.0
Poland,2019,1.07,0.05,53.41,29.97,15874.5220531254,60.037,5130382.5
Poland,2020,1.47,0.03,54.11,32.3,16150.9291009726,60.043,5257102.0
Poland,2021,0.29,0.02,56.51,30.27,18635.5088812509,60.075,5113595.0
Poland,2022,0.25,0.03,51.65,29.53,18891.213529396,60.134,5103046.5
Portugal,2010,17.67,2.49,45.18,31.92,22551.935098809,60.567,839127.56
Portugal,2011,17.15,2.38,43.34,31.55,23246.5425416481,61.167,837790.9
Portugal,2012,16.34,2.19,41.29,30.0,20593.4274224109,61.763,814803.2
Portugal,2013,17.64,2.19,40.45,29.91,21676.4859642714,62.352,788531.44
Portugal,2014,18.93,2.05,40.18,30.12,22120.6850127107,62.936,791337.94
Portugal,2015,18.88,2.26,39.85,29.9,19215.7813014347,63.514,841687.9
Portugal,2016,19.27,2.32,38.22,30.23,19980.2808866516,64.086,856175.75
Portugal,2017,19.93,2.34,38.81,30.55,21442.3842768879,64.652,851756.8
Portugal,2018,20.92,2.41,41.72,31.56,23541.1401075289,65.211,837950.0
Portugal,2019,21.75,2.39,40.48,31.29,23343.3628970034,65.764,848304.0
Portugal,2020,20.62,2.1,37.59,30.52,22299.4044062173,66.31,847019.0
Portugal,2021,20.68,2.24,39.22,31.01,24711.4510062111,66.849,859307.0
Portugal,2022,22.44,2.29,40.24,32.82,24620.519556875,67.381,859039.0
Qatar,2019,10.29,13.86,0.14,54.33,66841.3013484919,99.188,43936.95
Qatar,2020,11.54,13.35,1.42,56.81,51683.5054376677,99.235,49007.21
Qatar,2021,13.7,13.63,0.26,56.84,71751.8831257169,99.278,47376.72
Qatar,2022,18.46,10.57,0.24,59.16,88701.463352273,99.318,33641.01
Romania,2010,6.64,3.49,32.5,18.41,8399.5374234284,53.829,1006687.0
Romania,2011,5.86,3.52,31.39,18.13,9560.6755277458,53.96,997693.0
Romania,2012,5.72,3.54,29.84,18.71,8929.95366231474,53.974,989921.44
Romania,2013,5.96,3.6,27.53,18.94,9497.67411615237,53.937,896460.06
Romania,2014,6.71,3.66,31.33,18.3,10031.7710755404,53.9,1045969.9
Romania,2015,7.19,3.74,33.97,20.42,8977.01748158196,53.887,1084139.4
Romania,2016,6.54,3.83,35.73,21.6,9404.54005870715,53.9,1127512.8
Romania,2017,5.3,3.97,35.21,22.88,10727.9822007426,53.936,1126915.0
Romania,2018,5.18,3.93,35.8,19.22,12502.2624061935,53.998,1037841.0
Romania,2019,4.26,2.27,35.76,23.46,12992.0326104674,54.084,1034576.0
Romania,2020,5.18,2.55,35.11,24.98,13082.3006559554,54.194,985824.5
Romania,2021,5.1,2.8,37.95,22.24,14986.7854904274,54.329,983454.3
Romania,2022,4.56,3.09,38.48,21.59,15557.8826247584,54.489,965285.75
Rwanda,2010,2.6,1.95,0.66,1.33,593.624927744346,16.934,84580.59
Rwanda,2011,2.38,1.9,0.71,1.24,651.133677964662,16.938,87603.74
Rwanda,2012,2.55,1.87,0.73,1.25,706.8172686891,16.943,91128.43
Rwanda,2013,2.62,1.92,0.75,1.28,704.92421796616,16.947,95705.91
Rwanda,2014,2.84,2.07,0.9,1.43,724.957526109262,16.967,101315.45
Rwanda,2015,3.14,2.23,1.16,1.43,733.998630392314,17.004,112556.5
Rwanda,2016,2.62,1.95,1.24,1.52,729.519134044611,17.056,109310.71
Rwanda,2017,2.45,2.2,1.19,1.49,758.300966737624,17.125,109406.79
Rwanda,2018,2.64,2.04,0.86,1.49,771.773511057901,17.211,110151.47
Rwanda,2019,2.7,1.71,1.15,1.49,810.051412137354,17.313,105979.27
Rwanda,2020,3.24,1.3,0.86,1.5,778.701498787411,17.432,103893.03
Rwanda,2021,2.89,1.22,0.54,1.0,829.544845639777,17.568,100686.69
Rwanda,2022,2.7,1.03,0.49,0.75,975.469323979541,17.721,86425.93
Samoa,2010,11.78,8.18,17.81,60.48,3524.2479246203,20.078,4635.78
Samoa,2011,11.55,5.02,18.33,61.05,3821.50678264479,19.857,4703.53
Samoa,2012,13.11,5.14,18.97,60.32,3934.60320799981,19.624,4711.66
Samoa,2013,11.03,4.35,20.34,60.18,4023.5254013825,19.385,4619.68
Samoa,2014,13.98,3.45,20.28,66.32,3982.68080202084,19.149,4503.23
Samoa,2015,14.72,4.21,19.89,69.05,4084.36083819933,18.914,4514.99
Samoa,2016,12.69,4.86,19.0,81.93,4147.07097674888,18.681,4634.08
Samoa,2017,12.67,4.57,17.39,72.23,4307.59381964907,18.452,4224.81
Samoa,2018,12.34,3.33,17.91,79.23,4231.81409469194,18.243,3697.85
Samoa,2019,5.3,4.2,12.27,78.84,4351.94234943706,18.056,2974.03
Samoa,2020,7.12,3.16,15.13,74.21,4099.6600907147,17.889,2545.12
Samoa,2021,10.33,2.58,18.68,75.59,3947.64517905415,17.742,3538.98
Samoa,2022,11.16,5.88,13.92,73.98,3869.46639492144,17.616,3291.9
Sao Tome and Principe,2010,3.53,0.15,4.0,10.62,1045.20958234528,64.952,1223.85
Sao Tome and Principe,2011,3.97,0.03,4.33,8.46,1219.80189089671,66.064,890.0
Sao Tome and Principe,2012,1.6,0.04,4.05,8.83,1210.79264672325,67.16,915.0
Sao Tome and Principe,2013,1.56,0.04,4.6,9.22,1382.5757842916,68.208,948.0
Sao Tome and Principe,2014,1.3,0.04,5.01,9.49,1489.67633417608,69.213,1115.7
Sao Tome and Principe,2015,1.43,0.04,4.72,9.8,1298.10946596396,70.174,1209.48
Sao Tome and Principe,2016,1.61,0.04,4.77,9.66,1434.87018050521,71.092,1347.25
Sao Tome and Principe,2017,1.66,0.05,4.26,9.43,1555.79477812888,71.968,1540.77
Sao Tome and Principe,2018,1.43,0.05,5.26,11.72,1825.59971753966,72.803,1383.74
Sao Tome and Principe,2019,1.69,0.06,5.16,18.16,1935.2931816596,73.598,1476.05
Sao Tome and Principe,2020,1.81,0.06,5.1,16.96,2167.22001796925,74.354,1545.7
Sao Tome and Principe,2021,2.77,0.06,5.33,16.62,2362.58827248102,75.073,1716.66
Sao Tome and Principe,2022,1.99,0.07,4.65,14.61,2389.73729784737,75.755,1743.69
Saudi Arabia,2010,6.17,5.3,,42.06,22028.3901426586,82.084,760984.0
Saudi Arabia,2011,6.07,5.73,,40.7,27126.7498747702,82.302,681844.0
Saudi Arabia,2012,6.37,5.73,,39.88,28733.4375513452,82.52,672680.94
Saudi Arabia,2013,6.25,5.99,,44.81,27865.465604962,82.74,797616.9
Saudi Arabia,2014,6.43,5.93,,38.87,27805.4850319422,82.96,719245.2
Saudi Arabia,2015,6.34,5.7,,41.92,23256.1549553531,83.18,751888.1
Saudi Arabia,2016,5.09,4.84,,43.3,22267.7217050387,83.401,811388.6
Saudi Arabia,2017,5.61,4.78,,36.83,23929.2907135982,83.622,867126.56
Saudi Arabia,2018,5.31,4.38,,33.72,29360.0658968566,83.844,939620.4
Saudi Arabia,2019,5.24,4.1,,39.44,29566.7933827436,84.065,1076325.2
Saudi Arabia,2020,5.42,4.54,,41.57,24338.8307301067,84.287,1229681.8
Saudi Arabia,2021,6.05,6.58,,42.02,31920.7653655643,84.508,1236192.2
Saudi Arabia,2022,5.89,5.05,,45.57,38510.2276211037,84.729,1384563.4
Senegal,2010,5.93,3.31,1.02,5.16,1275.88357492357,43.773,166703.42
Senegal,2011,5.77,3.28,1.02,5.16,1374.67591873844,44.188,187232.44
Senegal,2012,5.7,3.31,1.02,5.18,1326.83798848379,44.603,206246.06
Senegal,2013,5.6,3.35,1.04,5.19,1379.83196553924,45.019,218786.7
Senegal,2014,5.81,3.39,1.1,4.74,1398.89137601382,45.436,219508.61
Senegal,2015,5.88,3.55,1.08,5.34,1218.00613555438,45.862,229645.47
Senegal,2016,5.32,3.64,1.08,5.66,1266.43957151587,46.296,240971.1
Senegal,2017,5.32,3.96,1.09,6.3,1356.80518449031,46.74,263627.3
Senegal,2018,5.36,3.97,1.11,6.31,1452.55612562445,47.192,273117.34
Senegal,2019,5.32,3.28,1.23,7.31,1431.18128932159,47.653,284702.03
Senegal,2020,5.71,3.48,1.22,7.43,1461.08720350553,48.122,302558.5
Senegal,2021,5.93,3.6,1.03,7.94,1598.10676952274,48.6,315439.38
Senegal,2022,6.49,3.98,1.25,8.3,1574.0281059306,49.086,338918.22
Serbia,2010,11.97,3.27,35.59,11.06,5970.92660940072,54.993,473741.03
Serbia,2011,10.37,3.39,36.29,13.78,7082.2861666075,55.215,480030.56
Serbia,2012,10.12,3.42,40.21,13.25,6263.04086072815,55.356,492818.0
Serbia,2013,8.86,4.48,43.07,12.09,7040.41812068781,55.469,488957.0
Serbia,2014,9.58,4.08,42.35,12.34,6886.67809068704,55.583,510369.78
Serbia,2015,8.77,4.33,39.11,11.03,5820.3215576888,55.696,462810.9
Serbia,2016,9.37,4.82,41.23,10.76,5982.37030126471,55.81,488644.03
Serbia,2017,7.97,4.24,43.25,12.1,6548.03653824187,55.942,491075.0
Serbia,2018,8.77,4.74,45.02,13.97,7559.86165747394,56.092,524723.0
Serbia,2019,8.42,4.83,43.66,16.58,7755.632986437,56.26,515943.44
Serbia,2020,8.54,4.41,44.8,17.14,8098.70955668849,56.446,517016.84
Serbia,2021,9.15,4.18,47.58,10.62,9680.52798074468,56.651,523441.62
Serbia,2022,9.82,4.22,49.11,11.46,10022.9688543402,56.873,526380.0
Seychelles,2010,5.06,1.67,11.46,29.63,10934.79494629,53.336,1244.88
Seychelles,2011,4.09,1.75,12.08,38.54,12110.0937461973,53.72,1421.65
Seychelles,2012,5.45,1.69,10.13,33.48,12337.1554669388,54.12,872.73
Seychelles,2013,7.23,1.71,10.89,34.82,14821.2921476077,54.537,777.95
Seychelles,2014,10.22,2.45,14.12,20.54,15188.1902175113,54.969,811.75
Seychelles,2015,12.15,2.69,13.73,29.99,15333.1051727105,55.4,993.4
Seychelles,2016,14.86,3.54,16.99,33.31,16566.9946042294,55.831,980.87
Seychelles,2017,13.42,3.57,17.05,38.92,17480.3651911372,56.261,1108.89
Seychelles,2018,12.45,3.74,13.77,37.53,18440.2340460932,56.691,1084.43
Seychelles,2019,13.49,2.76,14.31,34.75,19141.5118743615,57.119,1325.43
Seychelles,2020,17.27,3.09,15.61,35.82,14041.4754074575,57.546,1657.87
Seychelles,2021,13.13,2.93,14.68,43.19,14982.9111487767,57.972,2255.81
Seychelles,2022,18.44,2.76,13.35,41.61,16836.6721895387,58.396,2323.45
Sierra Leone,2010,1.25,0.53,0.49,3.46,685.039673490948,38.856,39005.2
Sierra Leone,2011,1.38,0.43,0.49,3.59,761.146365577281,39.248,40938.55
Sierra Leone,2012,1.65,0.52,0.62,4.11,937.504428180231,39.642,42681.2
Sierra Leone,2013,2.13,0.69,0.94,4.88,1117.47183075115,40.036,44920.31
Sierra Leone,2014,2.05,0.66,0.8,4.56,1117.7586465721,40.432,46114.5
Sierra Leone,2015,1.36,0.43,1.23,3.6,964.575980888989,40.829,44418.38
Sierra Leone,2016,1.39,0.45,0.74,3.75,844.416411175476,41.228,43568.32
Sierra Leone,2017,1.26,0.46,0.84,3.8,779.186007841728,41.636,42167.24
Sierra Leone,2018,1.27,0.47,1.06,3.78,845.914540460932,42.055,42786.44
Sierra Leone,2019,1.41,0.46,1.2,5.45,844.049555179116,42.484,43747.2
Sierra Leone,2020,1.31,0.45,1.09,6.37,845.982914284565,42.923,48190.33
Sierra Leone,2021,1.57,0.44,1.08,7.14,886.192939104469,43.372,50049.77
Sierra Leone,2022,1.63,0.43,0.54,5.56,860.774590932595,43.831,50923.17
Slovenia,2010,19.88,1.0,39.31,24.81,23329.8417691156,52.658,143044.0
Slovenia,2011,19.63,0.92,36.78,23.5,24940.6284841605,52.883,134591.0
Slovenia,2012,18.77,0.86,33.23,24.77,22442.1417859955,53.108,130160.0
Slovenia,2013,18.42,0.79,28.04,23.46,23236.9655321695,53.332,120534.0
Slovenia,2014,17.01,0.86,29.36,24.01,24013.0682060959,53.557,122761.0
Slovenia,2015,17.84,0.85,27.55,23.65,20697.2748530619,53.781,121388.0
Slovenia,2016,17.88,0.86,29.75,23.69,21447.8377796036,54.02,131908.0
Slovenia,2017,17.19,0.85,30.27,23.78,23303.077705959,54.273,137521.0
Slovenia,2018,14.55,0.88,29.51,23.75,25888.0481065655,54.541,137375.0
Slovenia,2019,14.53,0.8,29.5,28.67,25814.1687167572,54.822,139915.0
Slovenia,2020,15.01,0.81,25.3,26.68,25392.0651093612,55.118,140392.97
Slovenia,2021,12.11,0.83,22.94,27.97,29187.369382785,55.427,141779.94
Slovenia,2022,12.2,0.79,21.18,25.91,28373.8382265999,55.751,137827.94
Solomon Islands,2010,4.53,0.22,4.64,2.31,1685.15499035363,20.048,3388.0
Solomon Islands,2011,6.48,0.05,4.49,5.78,1924.05277323978,20.508,3368.0
Solomon Islands,2012,6.22,0.07,4.48,2.52,2066.25352289833,20.97,3436.25
Solomon Islands,2013,5.47,0.14,4.49,3.18,2161.39573596215,21.433,3471.48
Solomon Islands,2014,2.88,0.09,5.63,5.7,2164.9442392168,21.896,3515.72
Solomon Islands,2015,1.9,0.08,5.97,5.74,2045.47889485251,22.36,3542.86
Solomon Islands,2016,2.01,0.07,4.65,7.55,2082.62989047871,22.823,3566.74
Solomon Islands,2017,3.49,0.06,4.27,7.57,2143.57465243959,23.286,3579.84
Solomon Islands,2018,3.24,0.07,4.39,7.38,2278.20633913383,23.749,3557.58
Solomon Islands,2019,2.17,0.05,5.86,6.81,2223.66502559565,24.21,3554.61
Solomon Islands,2020,2.14,0.05,5.1,7.85,2063.33101522108,24.67,3580.23
Solomon Islands,2021,2.56,0.16,5.46,9.11,1996.86976779348,25.128,3601.6
Solomon Islands,2022,1.97,0.07,4.67,9.41,2005.4139933198,25.584,3616.76
Somalia,2010,4.56,6.4,0.01,0.41,219.202453852397,39.31,188915.0
Somalia,2011,4.61,6.45,0.01,0.41,235.325945610434,41.0,190640.0
Somalia,2012,4.64,6.5,0.01,0.41,350.261946720512,41.558,194590.0
Somalia,2013,4.66,6.46,0.01,0.41,393.398703952979,42.117,195250.0
Somalia,2014,4.73,6.49,0.01,0.43,429.431656725102,42.679,194136.56
Somalia,2015,4.72,6.44,0.01,0.41,445.583080073396,43.245,194086.27
Somalia,2016,4.03,5.72,0.01,0.41,460.928490585175,43.816,190974.19
Somalia,2017,3.83,5.39,0.02,0.41,510.939952317726,44.391,190177.3
Somalia,2018,3.72,5.12,0.02,0.5,509.525801898508,44.971,189504.17
Somalia,2019,3.58,5.45,0.02,0.41,539.893931565407,45.554,187961.0
Somalia,2020,3.48,4.98,0.02,0.52,518.184778494334,46.141,187390.38
Somalia,2021,3.26,4.7,0.01,0.67,549.114742721701,46.731,190164.6
Somalia,2022,3.16,4.46,0.01,0.79,573.128092472349,47.324,188162.55
South Africa,2010,17.28,3.2,4.35,33.02,7973.47195771517,62.218,2783507.5
South Africa,2011,16.8,3.17,4.4,34.51,8646.05571071635,62.746,2776003.5
South Africa,2012,16.46,3.18,4.49,35.04,8076.97678479741,63.272,2791746.0
South Africa,2013,17.86,3.2,4.01,36.71,7331.65467384919,63.793,3080772.2
South Africa,2014,18.4,3.31,4.47,37.12,6856.73137092522,64.312,3200138.0
South Africa,2015,19.01,3.21,4.09,36.46,6112.27382485974,64.828,3276254.0
South Africa,2016,19.01,3.18,4.13,36.63,5651.20585165749,65.341,3242909.8
South Africa,2017,17.65,3.21,3.99,37.25,6618.33508255701,65.85,3132355.5
South Africa,2018,17.29,3.21,4.76,37.6,6914.1780318076,66.355,3244864.5
South Africa,2019,17.66,2.92,4.22,37.5,6533.71121032856,66.856,3363372.2
South Africa,2020,17.42,3.33,5.13,39.65,5580.60383075189,67.354,3453907.8
South Africa,2021,16.47,3.48,5.68,40.11,6843.39941886204,67.847,3514370.5
South Africa,2022,16.13,2.78,5.84,39.57,6523.41097815853,68.335,3536182.2
South Sudan,2019,13.16,4.8,0.01,8.41,,19.899,295223.0
South Sudan,2020,12.21,3.64,0.01,3.47,,20.199,223535.2
South Sudan,2021,11.87,3.66,0.0,4.71,,20.514,237110.27
South Sudan,2022,12.07,3.89,0.0,4.77,,20.846,248472.56
Spain,2010,13.56,2.76,48.96,27.39,30658.7422282912,78.442,5447134.0
Spain,2011,12.97,2.71,48.1,29.36,31824.6219134777,78.673,5659727.0
Spain,2012,12.43,2.3,48.8,29.86,28456.4438151477,78.902,5651325.0
Spain,2013,12.23,2.17,49.26,28.76,29228.846559842,79.133,5507221.0
Spain,2014,11.26,2.39,51.15,29.25,29707.765509467,79.366,5721705.5
Spain,2015,11.26,2.35,53.38,29.65,25982.4416197775,79.602,6061642.0
Spain,2016,11.6,2.17,52.57,30.2,26755.6061149398,79.84,6550747.0
Spain,2017,11.54,2.07,53.64,30.52,28381.3425596906,80.08,6666927.5
Spain,2018,13.72,2.08,57.04,33.33,30602.4212881113,80.321,6957687.5
Spain,2019,13.31,2.04,54.61,33.18,29786.5245689007,80.565,7160475.0
Spain,2020,12.07,1.87,51.88,32.72,27233.9426461608,80.81,7499232.0
Spain,2021,12.84,1.76,53.77,30.37,30799.4775937775,81.056,7645729.0
Spain,2022,12.92,1.87,56.5,32.1,30270.2687017458,81.304,7562138.0
Sri Lanka,2010,1.62,0.08,0.02,4.9,2808.36779237408,18.226,143464.97
Sri Lanka,2011,1.32,0.09,0.02,4.95,3224.95736331928,18.211,138739.42
Sri Lanka,2012,1.37,0.09,0.07,6.04,3327.77612404326,18.196,164203.73
Sri Lanka,2013,1.29,0.08,0.08,6.36,3740.61589348326,18.198,172778.2
Sri Lanka,2014,1.15,0.07,0.07,6.71,3971.91913148166,18.218,180615.27
Sri Lanka,2015,1.24,0.08,0.07,7.69,4057.7158346231,18.256,199691.33
Sri Lanka,2016,1.22,0.07,0.06,8.47,4149.19190775593,18.311,217697.67
Sri Lanka,2017,1.13,0.09,0.05,8.85,4398.88828068715,18.384,233851.8
Sri Lanka,2018,1.19,0.09,0.06,9.09,4358.56095906047,18.476,247016.2
Sri Lanka,2019,1.16,0.11,0.05,8.6,4081.94772722003,18.585,257003.81
Sri Lanka,2020,1.34,0.09,0.06,10.41,3847.60137695639,18.713,249235.23
Sri Lanka,2021,1.28,0.16,0.09,10.84,3996.96240014909,18.86,269547.28
Sri Lanka,2022,1.27,0.14,0.07,10.43,3342.63650253855,19.026,259741.31
Sudan,2012,8.92,8.77,0.0,1.35,1019.22210693359,33.346,904000.0
Sudan,2013,9.12,9.02,0.0,1.38,1138.62780761719,33.507,919000.0
Sudan,2014,9.09,10.14,0.0,1.34,1275.43835449219,33.689,932000.0
Sudan,2015,9.18,8.63,0.0,1.36,1292.37963867188,33.894,938484.94
Sudan,2016,9.18,8.48,0.0,1.36,1033.21594238281,34.121,957851.75
Sudan,2017,8.91,8.09,0.0,1.36,966.505676269531,34.37,971625.7
Sudan,2018,8.25,7.88,0.0,1.62,731.027465820313,34.642,985537.4
Sudan,2019,8.02,7.39,0.0,1.74,709.975280761719,34.936,994546.75
Sudan,2020,7.85,7.39,0.0,1.68,577.795227050781,35.253,1003925.5
Sudan,2021,7.33,7.04,0.0,1.75,712.122009277344,35.593,982342.25
Sudan,2022,7.54,6.96,0.0,1.69,1046.24084472656,35.956,967454.4
Suriname,2010,9.74,0.06,7.75,35.18,7943.60482816915,66.344,15809.84
Suriname,2011,9.34,0.07,6.69,34.83,7949.88867218383,66.276,14650.7
Suriname,2012,8.75,0.07,7.97,34.84,8851.24050668908,66.208,15103.2
Suriname,2013,7.5,0.29,8.47,34.28,9043.19281529222,66.14,12042.7
Suriname,2014,8.35,0.11,8.05,34.24,9108.18905406764,66.089,12824.0
Suriname,2015,7.33,0.04,7.61,33.64,8813.61705392067,66.056,13199.0
Suriname,2016,4.68,0.05,7.6,32.55,5644.2061057532,66.04,12361.0
Suriname,2017,5.15,0.04,7.19,32.03,6049.52128553675,66.041,13996.0
Suriname,2018,5.39,0.04,6.25,45.0,6665.74180472239,66.06,14636.0
Suriname,2019,5.64,0.03,8.57,49.25,6629.66775248603,66.095,16095.0
Suriname,2020,5.49,0.04,8.71,48.7,4755.39221710693,66.149,15600.0
Suriname,2021,4.77,0.04,7.74,48.18,5029.84838543953,66.219,17098.0
Suriname,2022,5.07,0.04,8.3,45.41,6084.43876736445,66.307,16837.45
Sweden,2010,23.79,1.26,37.37,15.86,52542.8274141037,85.056,539415.0
Sweden,2011,24.14,1.34,37.7,15.69,60379.7748160321,85.297,533917.0
Sweden,2012,23.71,1.36,35.99,15.46,57749.8251328664,85.62,495539.0
Sweden,2013,24.38,1.4,36.5,16.51,60844.2767113975,85.936,504820.0
Sweden,2014,23.29,1.37,32.77,16.33,59583.7140001673,86.247,529798.0
Sweden,2015,24.35,1.37,31.99,16.35,51197.9529341175,86.553,549520.7
Sweden,2016,23.49,1.38,31.68,16.62,51820.3972482676,86.852,545921.0
Sweden,2017,23.15,1.37,30.92,16.34,53300.8587281785,87.146,552297.5
Sweden,2018,21.0,1.38,30.62,16.56,54181.9069780904,87.431,545953.3
Sweden,2019,23.36,1.27,29.17,15.94,51773.0464558993,87.708,546890.0
Sweden,2020,21.92,1.25,28.12,15.16,52653.7565934247,87.977,567460.0
Sweden,2021,21.57,1.15,27.76,15.45,61174.9680215622,88.238,581060.0
Sweden,2022,22.0,1.31,28.2,16.35,55296.9371472535,88.492,569589.25
Switzerland,2010,21.57,1.53,33.81,15.69,76531.3728182297,73.607,471671.0
Switzerland,2011,21.6,1.53,33.11,16.07,90476.7589651577,73.631,476181.0
Switzerland,2012,20.85,1.47,31.35,16.09,85836.2076767359,73.653,473307.0
Switzerland,2013,21.3,1.42,31.15,16.14,87304.3305813557,73.674,468063.0
Switzerland,2014,19.77,1.48,31.5,16.06,88724.9910735609,73.696,479593.0
Switzerland,2015,19.29,1.48,30.39,15.99,83806.4476003837,73.718,479404.0
Switzerland,2016,19.12,1.47,29.85,15.95,82153.0745447889,73.739,483298.0
Switzerland,2017,18.56,1.47,29.46,15.83,82254.3770471336,73.761,479555.0
Switzerland,2018,21.1,1.48,28.47,17.65,85217.3691512274,73.797,489167.0
Switzerland,2019,19.09,1.36,27.89,16.81,84121.9310304414,73.849,476585.0
Switzerland,2020,19.44,1.37,28.05,17.02,85897.7843338323,73.915,482986.0
Switzerland,2021,19.76,1.33,28.08,17.62,93664.7736696111,73.996,492198.0
Switzerland,2022,18.68,1.27,27.7,18.01,94394.5106803525,74.092,494694.78
Tajikistan,2010,3.52,5.38,0.93,3.03,737.338883219356,26.52,70551.62
Tajikistan,2011,3.53,5.39,0.89,2.85,833.601978202852,26.521,75419.58
Tajikistan,2012,6.48,5.48,0.9,2.94,952.452819695469,26.545,79759.72
Tajikistan,2013,8.31,5.56,0.83,3.03,1028.19704279396,26.589,84717.91
Tajikistan,2014,5.61,6.01,0.83,3.61,1081.54402932039,26.655,97018.11
Tajikistan,2015,11.47,6.26,0.74,3.64,956.916310930656,26.742,157896.55
Tajikistan,2016,15.74,5.89,0.48,3.46,788.710481734485,26.851,212426.55
Tajikistan,2017,18.76,7.56,0.4,4.22,829.45714764957,26.982,337245.22
Tajikistan,2018,21.88,8.57,0.47,3.85,834.288404578801,27.134,356984.06
Tajikistan,2019,23.45,7.35,0.48,2.08,871.022372934846,27.309,377222.03
Tajikistan,2020,22.72,7.13,0.48,2.62,834.311715460625,27.506,373290.3
Tajikistan,2021,23.12,7.48,0.28,3.5,896.748053372182,27.726,380918.03
Tajikistan,2022,24.91,7.7,0.35,2.75,1052.17949484894,27.968,352882.28
Thailand,2010,3.22,0.04,13.08,11.76,4973.86288823778,43.856,2396252.0
Thailand,2011,2.85,0.04,13.04,11.71,5373.6232832898,44.698,2408452.0
Thailand,2012,2.74,0.04,13.15,13.04,5725.52802835463,45.445,2722021.8
Thailand,2013,2.77,0.04,13.13,13.87,6018.08244729255,46.193,2803775.5
Thailand,2014,1.79,0.05,13.09,16.78,5801.1978916205,46.943,2926306.2
Thailand,2015,1.87,0.05,13.1,13.87,5688.85335397884,47.694,2808975.0
Thailand,2016,1.7,0.05,13.2,13.17,5833.57715617098,48.448,2788213.8
Thailand,2017,1.82,0.05,13.26,12.69,6413.09182530343,49.2,2829987.5
Thailand,2018,1.44,0.05,13.31,11.9,7099.77650081458,49.949,2763186.2
Thailand,2019,1.65,0.05,12.15,12.3,7605.69657797759,50.692,2828009.0
Thailand,2020,1.23,0.04,12.83,11.57,6985.64393892574,51.43,2898961.5
Thailand,2021,1.44,0.04,13.01,11.7,7057.20754802279,52.163,2936997.2
Thailand,2022,1.62,0.04,13.03,11.16,6909.35281815827,52.889,2953630.0
Togo,2010,1.51,1.64,1.81,6.3,704.987164181378,37.533,49997.62
Togo,2011,1.49,1.61,1.87,6.41,783.989380490906,38.032,50177.01
Togo,2012,1.56,1.34,2.02,6.63,762.392047587088,38.546,49996.76
Togo,2013,1.22,1.41,2.18,6.62,826.543259457126,39.061,53132.99
Togo,2014,1.57,1.65,2.14,6.41,855.585284856656,39.579,46385.85
Togo,2015,1.35,1.58,2.3,7.31,751.052405084336,40.1,48705.4
Togo,2016,1.03,1.38,2.41,7.27,772.581787093976,40.628,51148.12
Togo,2017,0.77,1.4,2.53,7.12,792.765487219069,41.162,53737.33
Togo,2018,0.74,1.43,2.48,7.45,851.130806891807,41.702,55847.99
Togo,2019,0.82,1.5,2.3,8.06,826.260654099894,42.248,59415.75
Togo,2020,0.68,1.67,1.73,4.76,853.578220263722,42.8,60123.54
Togo,2021,0.83,1.2,2.0,4.73,939.613373786407,43.358,63501.66
Togo,2022,0.92,1.25,2.29,5.47,898.758154410712,43.921,70868.04
Tonga,2019,15.85,11.71,25.52,110.1,4676.84802517145,23.107,2400.47
Tonga,2020,14.12,15.28,21.42,88.31,4700.44940541029,23.099,2405.9
Tonga,2021,16.84,15.9,24.31,120.22,4912.57966349119,23.104,2414.07
Tonga,2022,14.1,18.04,24.76,90.61,4933.07466930785,23.125,2421.14
Trinidad and Tobago,2010,6.28,2.19,8.07,57.31,16815.424737361,54.025,70115.9
Trinidad and Tobago,2011,5.06,2.62,7.01,59.26,19151.0870229722,53.836,68865.0
Trinidad and Tobago,2012,6.29,2.48,7.52,59.86,20332.1389531925,53.671,70529.0
Trinidad and Tobago,2013,6.51,2.54,7.97,62.43,21304.9776454565,53.53,70528.0
Trinidad and Tobago,2014,5.44,2.73,8.58,63.48,21908.3017802988,53.413,70701.51
Trinidad and Tobago,2015,7.49,2.38,9.14,51.14,19887.2337359338,53.319,51649.71
Trinidad and Tobago,2016,6.53,1.94,7.2,56.78,17449.1623528186,53.25,63717.59
Trinidad and Tobago,2017,2.7,2.43,7.91,56.79,17578.6417765865,53.205,67142.13
Trinidad and Tobago,2018,6.35,1.26,8.17,56.15,17575.8042838042,53.184,68480.0
Trinidad and Tobago,2019,6.57,1.68,7.37,54.4,17293.4730123427,53.187,54612.0
Trinidad and Tobago,2020,7.51,1.28,7.12,44.12,15358.8612973066,53.214,50261.0
Trinidad and Tobago,2021,6.53,1.15,7.61,42.16,17679.1812561341,53.265,53134.48
Trinidad and Tobago,2022,6.74,1.6,6.97,47.12,20874.37682915,53.34,54209.99
Tunisia,2010,5.56,5.58,0.0,14.79,4291.86120891575,66.657,285819.0
Tunisia,2011,5.18,5.51,0.0,13.35,4420.64772206537,66.938,274434.0
Tunisia,2012,5.37,5.14,0.0,17.04,4297.26782454273,67.218,309250.3
Tunisia,2013,5.41,5.2,0.0,17.9,4369.79345826358,67.495,326611.47
Tunisia,2014,5.55,5.35,0.0,16.4,4458.97895464547,67.772,342602.0
Tunisia,2015,5.4,5.35,0.0,16.39,4014.94773686432,68.056,347437.53
Tunisia,2016,5.32,5.35,0.0,16.38,3847.80354448809,68.346,341553.44
Tunisia,2017,5.42,5.39,0.0,16.48,3619.03247319953,68.642,340374.3
Tunisia,2018,5.17,5.38,,16.81,3628.10366464236,68.945,346100.47
Tunisia,2019,4.17,5.4,0.01,16.82,3528.87213306798,69.254,353789.38
Tunisia,2020,4.21,5.42,0.01,17.31,3548.65363663803,69.568,358658.8
Tunisia,2021,4.09,5.8,0.01,19.22,3906.93926319391,69.888,373354.38
Tunisia,2022,4.29,5.73,0.01,19.43,3708.8481241036,70.214,376900.66
Turkmenistan,2010,24.27,20.9,0.31,3.75,4058.53937000739,48.491,293923.12
Turkmenistan,2011,24.3,21.55,0.5,3.51,5143.61929334647,48.825,302090.44
Turkmenistan,2012,24.93,23.72,0.84,3.64,6053.8748468749,49.175,304020.8
Turkmenistan,2013,23.8,23.46,1.03,3.82,6599.64529055481,49.541,307585.78
Turkmenistan,2014,27.63,22.9,1.53,7.11,7164.14536184006,49.921,310359.4
Turkmenistan,2015,26.31,23.25,1.23,4.98,5759.497903834,50.317,316129.2
Turkmenistan,2016,28.99,20.5,0.52,4.34,5686.98040962764,50.728,334264.53
Turkmenistan,2017,29.76,20.36,0.34,4.79,5828.4816623489,51.153,338885.7
Turkmenistan,2018,27.9,20.16,0.38,8.26,6125.05169712085,51.593,340651.2
Turkmenistan,2019,26.49,20.29,0.12,5.76,6648.0348960628,52.048,347258.47
Turkmenistan,2020,27.04,20.74,0.1,6.22,6592.60146027748,52.516,355310.62
Turkmenistan,2021,26.0,21.0,0.09,8.39,7051.20211079213,52.998,356212.25
Turkmenistan,2022,25.15,20.34,0.07,11.19,8156.35211950774,53.494,359655.78
Tuvalu,2019,5.05,4.63,17.38,55.82,5115.13075950206,63.215,183.53
Tuvalu,2020,8.58,4.58,18.34,57.83,4976.11254109571,64.014,186.53
Tuvalu,2021,5.21,4.6,17.01,45.96,5905.08198095343,64.785,187.31
Tuvalu,2022,4.61,4.39,16.18,42.35,5911.32727055301,65.527,188.97
Uganda,2010,5.57,1.27,3.39,1.93,823.488144282,19.383,421378.38
Uganda,2011,5.29,1.23,3.18,1.88,835.620060555838,19.898,435327.88
Uganda,2012,5.14,1.23,3.19,1.69,795.222867553127,20.424,436325.28
Uganda,2013,5.22,1.26,3.23,1.68,818.285427416713,20.958,444323.84
Uganda,2014,5.56,1.29,3.31,1.8,896.054795546394,21.504,444960.62
Uganda,2015,5.69,1.33,3.39,1.76,862.934610355811,22.06,480936.3
Uganda,2016,4.53,1.22,3.28,1.67,752.696571725656,22.624,487872.34
Uganda,2017,4.3,1.18,3.19,1.63,765.218332297361,23.196,489790.16
Uganda,2018,4.08,1.14,3.13,1.6,792.16570022814,23.774,500258.9
Uganda,2019,3.88,1.06,3.03,1.6,822.171150141651,24.361,473875.2
Uganda,2020,4.27,0.9,2.86,1.51,845.76646385001,24.954,499346.9
Uganda,2021,4.19,0.83,2.79,1.5,882.791717442001,25.553,521340.06
Uganda,2022,3.97,0.79,2.74,1.46,963.067314233497,26.159,533945.25
Ukraine,2010,9.08,0.46,16.17,23.72,3039.63232421875,68.596,2103291.8
Ukraine,2011,8.53,0.43,17.62,22.73,3656.69799804688,68.689,2193317.8
Ukraine,2012,8.25,0.43,20.45,25.03,3951.34228515625,68.782,2258894.0
Ukraine,2013,8.95,0.41,20.32,24.75,4129.89697265625,68.875,2438589.2
Ukraine,2014,8.62,0.4,17.27,23.35,3054.908203125,68.968,2413520.5
Ukraine,2015,7.77,0.3,16.38,23.19,2094.47387695313,69.061,2380536.8
Ukraine,2016,7.61,0.3,16.71,23.06,2158.46118164063,69.154,2375582.2
Ukraine,2017,7.36,0.3,16.54,23.6,2604.28759765625,69.246,2371650.0
Ukraine,2018,7.39,0.32,16.54,24.45,3059.0517578125,69.352,2356489.2
Ukraine,2019,7.47,0.32,17.32,26.55,3619.86157226563,69.473,2492400.0
Ukraine,2020,7.15,0.26,16.68,24.53,3709.76928710938,69.608,2477500.0
Ukraine,2021,6.31,0.28,17.69,23.79,4775.94580078125,69.757,2438300.0
Ukraine,2022,6.2,0.27,18.25,22.87,4199.6708984375,69.919,2204307.0
United Arab Emirates,2010,3.07,6.85,,18.98,43696.6712590463,84.087,130960.0
United Arab Emirates,2011,3.2,6.39,,20.68,50789.050540755,84.423,132345.0
United Arab Emirates,2012,3.17,7.27,,22.58,52034.4762476071,84.749,134783.8
United Arab Emirates,2013,3.33,7.54,,22.0,52023.5170959441,85.066,140085.25
United Arab Emirates,2014,8.8,4.63,,24.66,51381.4069901746,85.375,147891.56
United Arab Emirates,2015,9.01,4.64,,32.61,43534.9972694631,85.674,155445.95
United Arab Emirates,2016,8.97,4.67,,31.39,41326.4018161569,85.965,161851.77
United Arab Emirates,2017,9.05,5.31,,27.33,42340.5917160161,86.248,169428.1
United Arab Emirates,2018,8.78,8.39,0.1,33.13,45689.8570049401,86.522,161975.36
United Arab Emirates,2019,8.89,8.42,,35.21,44251.4541398817,86.789,160444.52
United Arab Emirates,2020,17.87,9.61,2.14,49.9,37173.8754093066,87.048,175090.1
United Arab Emirates,2021,18.3,10.12,2.69,55.86,43360.0211001327,87.299,171125.27
United Arab Emirates,2022,13.93,9.82,0.66,55.25,49899.0652975197,87.543,172668.6
Uruguay,2010,33.5,4.89,11.06,17.63,12641.0576849008,94.414,641178.44
Uruguay,2011,29.87,4.27,13.26,19.12,15132.2675725587,94.612,621341.0
Uruguay,2012,28.26,5.1,13.89,21.13,16259.5940814256,94.739,640301.94
Uruguay,2013,29.45,1.76,15.67,11.85,18335.2594772322,94.843,625399.4
Uruguay,2014,33.9,2.16,15.44,16.91,18322.4276767157,94.945,652417.6
Uruguay,2015,32.58,1.5,15.91,9.98,17125.9016800298,95.045,660265.7
Uruguay,2016,26.17,1.66,17.44,10.14,17009.7584207276,95.144,686040.06
Uruguay,2017,31.38,0.91,17.95,9.28,19184.6502617082,95.24,706682.4
Uruguay,2018,26.56,1.54,19.14,9.55,19249.9404677501,95.334,700879.56
Uruguay,2019,28.3,1.38,19.13,21.06,18315.7316980028,95.426,689972.4
Uruguay,2020,20.66,2.55,18.41,21.19,15757.5355995779,95.515,623905.8
Uruguay,2021,16.32,0.81,20.73,24.77,17881.818721099,95.603,703665.25
Uruguay,2022,15.44,1.92,21.31,23.66,20818.6146091144,95.688,745029.4
Uzbekistan,2010,25.17,4.64,1.02,1.67,1753.20730243278,50.956,869761.7
Uzbekistan,2011,25.71,4.75,1.1,1.76,2087.86386135694,51.15,902065.9
Uzbekistan,2012,26.23,4.88,1.15,1.92,2307.34649117185,51.05,964871.06
Uzbekistan,2013,26.75,4.92,1.16,1.88,2461.97947403595,50.95,1029976.4
Uzbekistan,2014,27.53,5.03,1.18,2.02,2674.9628382103,50.85,1096688.8
Uzbekistan,2015,27.79,5.12,1.24,2.06,2803.19018021751,50.75,1166399.0
Uzbekistan,2016,28.12,5.19,1.13,2.12,2753.37951427589,50.65,1216045.2
Uzbekistan,2017,28.18,5.24,1.11,2.11,2190.60411562888,50.55,1183880.1
Uzbekistan,2018,29.51,5.49,0.12,2.35,1813.08530813664,50.478,1403629.8
Uzbekistan,2019,29.86,5.87,0.19,2.74,2041.38480729431,50.433,1330519.0
Uzbekistan,2020,29.37,4.87,0.13,4.34,1978.28051860763,50.416,1309497.8
Uzbekistan,2021,30.28,4.52,0.21,6.52,2258.51964119278,50.427,1388713.5
Uzbekistan,2022,30.75,4.8,0.18,6.38,2578.66689394219,50.466,1440279.9
Vanuatu,2010,8.68,0.25,14.66,10.69,2815.18828985779,24.462,7889.95
Vanuatu,2011,7.42,0.28,14.7,11.58,3163.1861645138,24.561,7642.03
Vanuatu,2012,9.6,0.23,14.3,11.33,3004.78416664293,24.661,7894.02
Vanuatu,2013,10.7,0.4,14.06,11.25,2979.79608084399,24.761,7877.39
Vanuatu,2014,13.79,0.45,13.72,10.58,2973.09026493408,24.861,7498.56
Vanuatu,2015,9.67,0.29,13.57,12.7,2854.89412272653,24.961,6943.83
Vanuatu,2016,9.82,0.27,13.86,14.13,2956.12644801489,25.062,6597.35
Vanuatu,2017,9.56,0.26,14.03,16.05,3159.86055790126,25.163,6298.06
Vanuatu,2018,8.49,0.24,14.92,17.35,3206.65748718811,25.274,5802.45
Vanuatu,2019,8.52,0.16,13.09,15.41,3207.44650452083,25.394,5766.79
Vanuatu,2020,8.33,0.19,12.88,15.16,3042.98711598286,25.525,5460.53
Vanuatu,2021,8.81,0.08,11.9,18.11,3211.71947349318,25.665,5747.56
Vanuatu,2022,7.74,0.12,11.3,16.16,3292.34108821237,25.816,5373.32
Zambia,2010,11.16,0.68,1.66,3.12,1451.10616017155,39.355,265615.25
Zambia,2011,10.84,0.67,1.85,3.09,1624.86817763443,39.851,270696.9
Zambia,2012,10.97,0.65,3.36,3.11,1710.05061343728,40.354,301120.38
Zambia,2013,12.11,0.65,2.35,3.14,1820.71854827391,40.865,327453.2
Zambia,2014,11.58,0.66,2.12,3.23,1707.48573136694,41.382,335951.28
Zambia,2015,11.55,0.67,1.69,3.31,1295.87788680068,41.907,284298.38
Zambia,2016,10.34,0.64,1.69,3.48,1239.08527877713,42.438,283968.03
Zambia,2017,11.61,0.63,1.69,3.49,1483.46577328065,42.976,340036.22
Zambia,2018,11.65,0.63,1.79,3.32,1463.89997855593,43.521,318834.66
Zambia,2019,9.46,0.54,1.56,2.72,1258.98619844462,44.072,323869.22
Zambia,2020,10.53,0.8,1.61,3.33,951.644316655957,44.629,312339.03
Zambia,2021,9.69,0.84,1.49,3.18,1127.16077872857,45.192,321767.75
Zambia,2022,9.05,0.82,1.22,4.94,1447.12310138035,45.761,314409.28
Zimbabwe,2010,50.54,1.91,1.71,6.19,901.55051752819,33.196,789236.9
Zimbabwe,2011,52.64,1.9,1.99,6.86,1037.24613741902,33.015,829692.4
Zimbabwe,2012,52.6,1.94,2.09,6.95,1238.59479481433,32.834,842308.5
Zimbabwe,2013,51.52,1.94,1.97,5.19,1362.29952932396,32.654,845536.8
Zimbabwe,2014,39.94,1.93,2.04,4.72,1372.21474610373,32.504,697699.0
Zimbabwe,2015,44.06,1.78,1.67,4.88,1386.41855927575,32.385,766770.8
Zimbabwe,2016,43.7,1.44,1.57,5.17,1407.42096413212,32.296,786057.9
Zimbabwe,2017,41.41,1.81,0.74,5.09,3448.08699068824,32.237,775976.94
Zimbabwe,2018,40.99,1.82,0.52,4.38,2271.85250365817,32.209,771502.0
Zimbabwe,2019,40.98,1.77,0.69,4.47,1683.91313584141,32.21,823826.1
Zimbabwe,2020,40.12,1.76,0.64,7.21,1730.45391034701,32.242,821114.4
Zimbabwe,2021,43.77,1.95,0.73,7.33,1724.38727102272,32.303,895893.5
Zimbabwe,2022,44.42,1.96,0.69,7.18,2040.54658705395,32.395,926426.2
